Identifier,Company Name,GICS Industry Name,Exchange Name,2023,2022,2021,2020,2019,2018,2017,2016,2015,2014,2013,2012,2011,2010,2009,2008,2007,2006,2005,2004
A2.MI,A2A SpA,Multi-Utilities,ELECTRONIC SHARE MARKET,0.16190000000000002,0.1047,0.1381,0.1067,0.12109,0.1144,0.135,0.08353999999999999,0.10641,0.06518,0.022000000000000002,0.0638,0.0536,0.08566000000000001,0.02168,0.06704,0.06628,0.06253,0.09569000000000001,0.1222
AALB.AS,Aalberts NV,Machinery,EURONEXT - EURONEXT AMSTERDAM,0.15609,0.16679,0.17219,0.1114,0.15449,0.175,0.1664,0.16079999999999997,0.15789999999999998,0.1536,0.1509,0.1673,0.18437,0.17097,0.08804000000000001,0.18663,0.27655,0.29006,0.2979,0.2414
ABBN.S,Abb Ltd,Electrical Equipment,SIX SWISS EXCHANGE,0.28600000000000003,0.1746,0.1887,0.1421,0.1929,0.1973,0.16765,0.19920000000000002,0.1801,0.1485,0.1875,0.18469999999999998,0.22899999999999998,0.1998,0.21037,0.26742,0.37317,0.32707,0.25295,0.133
ANA.MC,Acciona SA,Electric Utilities,BOLSA DE MADRID,0.10939,0.095,0.085,0.1114,0.10490000000000001,0.0689,0.057999999999999996,0.03982,0.06017,0.05596,0.05485,0.0358,0.0318,0.029009999999999998,0.025009999999999998,0.07898,0.11525,0.3397,0.1005,0.0764
ACCP.PA,Accor SA,"Hotels, Restaurants & Leisure",EURONEXT - EURONEXT PARIS,0.1472,0.0805,-0.171,-0.29309,0.0479,0.0719,0.06709999999999999,0.10736000000000001,0.11866,0.16353,0.10890000000000001,0.10958999999999999,0.0392,-0.01956,0.10343999999999999,0.15721,0.16271000000000002,0.11699999999999999,0.11798,0.079
ACKB.BR,Ackermans & Van Haaren NV,Construction & Engineering,EURONEXT - EURONEXT BRUSSELS,0.08359,0.165,0.1082,0.06549,0.1191,0.0942,0.1051,0.0832,0.11342,0.16373000000000001,0.0867,0.08612,0.09880000000000001,0.09725,0.07361,0.0584,0.11402,0.1063,0.25190999999999997,0.0973
ACS.MC,ACS Actividades de Construccion y Servicios SA,Construction & Engineering,BOLSA DE MADRID,0.1434,0.1125,0.1373,0.13470000000000001,0.20339,0.1631,0.2192,0.21379,0.21098,0.21344000000000002,0.23684000000000002,0.2323,0.25370000000000004,0.1718,0.19498000000000001,0.10013,0.16462,0.28358,0.2615,0.2236
ADDTb.ST,Addtech AB,Trading Companies & Distributors,NASDAQ STOCKHOLM AB,0.2708,0.3041,0.2786,0.2161,0.30809000000000003,0.2838,0.2683,0.2704,0.2207,0.28,0.3,0.29914999999999997,0.33213000000000004,0.30184,0.18059,0.35388,0.46104,0.49559,0.41505000000000003,0.2737
ADEN.S,Adecco Group AG,Professional Services,SIX SWISS EXCHANGE,0.1338,0.1426,0.188,0.11320000000000001,0.2146,0.154,0.2181,0.2152,0.20850000000000002,0.1827,0.1628,0.12390000000000001,0.1499,0.13140000000000002,0.07776,0.22191,0.27288,0.26314,0.2316,0.1819
ADSGn.DE,Adidas AG,"Textiles, Apparel & Luxury Goods",XETRA,-0.0121,0.04059,0.21359000000000003,0.0652,0.3,0.26538,0.1698,0.16760000000000003,0.11199999999999999,0.08818,0.1555,0.14880000000000002,0.135,0.1352,0.06497,0.19956,0.18773,0.17412,0.19957999999999998,0.21059999999999998
ADML.L,Admiral Group PLC,Insurance,LONDON STOCK EXCHANGE,0.34740000000000004,0.316,0.7923,0.4914,0.5025999999999999,0.5627,0.5449,0.37450000000000006,0.49,0.52,0.59,0.6079,0.59,0.59585,0.52161,0.56484,0.5579999999999999,0.51801,0.51968,0.6192
AEGN.AS,Aegon Ltd,Insurance,EURONEXT - EURONEXT AMSTERDAM,0.052300000000000006,-0.01,0.0374,0.061500000000000006,0.0786,0.0874,0.07440000000000001,0.061,0.0556,0.0533,0.0564,0.03248,0.050069999999999996,0.07345,0.01081,-0.08202,0.10752,0.11192,0.1247,0.13269999999999998
AGES.BR,Ageas SA,Insurance,EURONEXT - EURONEXT BRUSSELS,0.12699,0.12300000000000001,0.07200000000000001,0.10019,0.0949,0.0851,0.065,0.02511,0.079,0.050730000000000004,0.061799999999999994,0.07062,-0.0387,0.025539999999999997,0.14275000000000002,-0.02939,0.14329,0.21117999999999998,0.22305,0.2143
AIR.PA,Airbus SE,Aerospace & Defense,EURONEXT - EURONEXT PARIS,0.32789,0.40590000000000004,0.4696,0.17149,0.6007,0.3506,0.3335,0.5325,0.41391,0.2643,0.22210000000000002,0.1906,0.1199,0.05708,0.16146000000000002,0.12938,-0.02742,0.0075,0.1003,0.05468
AIXGn.DE,Aixtron SE,Semiconductors & Semiconductor Equipment,XETRA,0.2016,0.16,0.17589,0.0728,0.0712,0.11485,0.0177,-0.06269999999999999,-0.0718,-0.1419,-0.21600000000000003,-0.2648,0.1295,0.3797,0.10825,0.11183,0.09023999999999999,0.031869999999999996,-0.33358,0.0542
AKZO.AS,Akzo Nobel NV,Chemicals,EURONEXT - EURONEXT AMSTERDAM,0.11789,0.0858,0.1348,0.128,0.09720000000000001,0.053099999999999994,0.16579999999999998,0.1542,0.15039999999999998,0.11630000000000001,0.10300000000000001,0.09613,0.0747,0.08997999999999999,0.07006,0.08843999999999999,0.07536,0.22248,0.3041,0.2647
ALFA.ST,Alfa Laval AB,Machinery,NASDAQ STOCKHOLM AB,0.20149,0.1335,0.15599,0.1258,0.2148,0.2464,0.18420000000000003,0.21170000000000003,0.217,0.2515,0.2354,0.24600999999999998,0.2288,0.24181999999999998,0.22373,0.40954999999999997,0.42484,0.26685,0.1597,0.1195
ALVG.DE,Allianz SE,Insurance,XETRA,0.15539,0.1025,0.08220000000000001,0.08789999999999999,0.11710000000000001,0.11774,0.1024,0.11380000000000001,0.10679999999999999,0.11226000000000001,0.1157,0.105,0.056900000000000006,0.11900000000000001,0.10698,0.09734999999999999,0.14723,0.13503,0.10331,0.07400000000000001
AMPF.MI,Amplifon SpA,Health Care Providers & Services,ELECTRONIC SHARE MARKET,0.145,0.18178999999999998,0.18280000000000002,0.135,0.19699999999999998,0.1697,0.1318,0.13403,0.1143,0.08683,0.057699999999999994,0.10529999999999999,0.1162,0.10844,0.13327,0.08756,0.11936999999999999,0.21295999999999998,0.36512,0.1855
ANDR.VI,Andritz AG,Machinery,WIENER BOERSE AG AMTLICHER HANDEL (OFFICIAL MARKET),0.23399999999999999,0.23929999999999998,0.2299,0.16809000000000002,0.1014,0.1681,0.2,0.2175,0.2438,0.295,0.057,0.23399999999999999,0.247,0.223,0.15381999999999998,0.26382,0.29625,0.31882,0.26102000000000003,0.20679999999999998
AAL.L,Anglo American PLC,Metals & Mining,LONDON STOCK EXCHANGE,0.11199999999999999,0.2189,0.33270000000000005,0.1288,0.1433,0.139,0.1559,0.1242,0.0385,0.07629999999999999,0.07719999999999999,0.07397999999999999,0.16691,0.16488,0.09284,0.22727,0.22392,0.20001999999999998,0.13513999999999998,0.111
ABI.BR,Anheuser-Busch Inbev SA,Beverages,EURONEXT - EURONEXT BRUSSELS,0.0793,0.0909,0.0837,0.05299,0.11529,0.09910000000000001,0.1107,0.08553000000000001,0.18489999999999998,0.17670000000000002,0.17345,0.1852,0.1773,0.12279,0.12953,0.10541,0.13282,0.11289999999999999,0.09969,0.08826
ANTO.L,Antofagasta PLC,Metals & Mining,LONDON STOCK EXCHANGE,0.0808,0.0693,0.17449,0.0713,0.068,0.0695,0.10619999999999999,0.0564,0.0009,0.0933,0.09539999999999998,0.20670000000000002,0.2,0.18278,0.12507,0.14867,0.31218,0.4036,0.31678,0.3532
MAERSKb.CO,AP Moeller - Maersk A/S,Marine Transportation,NASDAQ COPENHAGEN A/S,0.06480000000000001,0.5382,0.4826,0.0984,0.018000000000000002,-0.006999999999999999,0.01151,0.021400000000000002,0.08257999999999999,0.12300000000000001,0.094,0.08921,0.07139999999999999,0.16017,-0.04723,0.11118,0.12957000000000002,0.11818,0.1746,0.2024
ARDS.AS,Arcadis NV,Professional Services,EURONEXT - EURONEXT AMSTERDAM,0.2146,0.14599,0.18100000000000002,0.1424,0.1258,0.1673,0.10220000000000001,0.0906,0.14429999999999998,0.1663,0.1966,0.21209,0.192,0.21058,0.20699,0.33405,0.27457,0.23097,0.2003,0.1346
MT.AS,ArcelorMittal SA,Metals & Mining,EURONEXT - EURONEXT AMSTERDAM,0.09089,0.2075,0.34009,-0.023700000000000002,-0.0134,0.1736,0.1125,0.0642,-0.0095,0.0294,-0.022099999999999998,0.0088,0.03949,0.061059999999999996,0.00193,0.25738,0.17907,0.2419,0.4207,1.1183
AHT.L,Ashtead Group PLC,Trading Companies & Distributors,LONDON STOCK EXCHANGE,0.25801999999999997,0.30896999999999997,0.2864,0.23829,0.2766,0.3136,0.2813,0.3015,0.3292,0.3245,0.3099,0.25558,0.1664,0.04095,0.0022,0.12377,0.17579,0.16091999999999998,0.29418,0.1902
ASMI.AS,ASM International NV,Semiconductors & Semiconductor Equipment,EURONEXT - EURONEXT AMSTERDAM,0.19519999999999998,0.25120000000000003,0.2475,0.16239,0.19949000000000003,0.0934,0.09449999999999999,0.0834,0.1012,0.10189999999999999,0.0416,0.015700000000000002,0.1812,0.33903,-0.28651,0.05772,0.20485,0.1459,0.0103,0.106
ASML.AS,ASML Holding NV,Semiconductors & Semiconductor Equipment,EURONEXT - EURONEXT AMSTERDAM,0.7042100000000001,0.59354,0.49014,0.2686,0.2139,0.2323,0.20670000000000002,0.1617,0.1745,0.1565,0.1848,0.27440000000000003,0.4718,0.44927,-0.0802,0.18768,0.32128,0.32298000000000004,0.2007,0.1859
ASSAb.ST,Assa Abloy AB,Building Products,NASDAQ STOCKHOLM AB,0.15349000000000002,0.17079,0.16969,0.1426,0.17600000000000002,0.1752,0.1764,0.17739999999999997,0.198,0.198,0.175,0.2043,0.191,0.205,0.19116,0.20001999999999998,0.22911,0.12446,0.2032,0.1412
GASI.MI,Assicurazioni Generali SpA,Insurance,ELECTRONIC SHARE MARKET,0.4413,0.128,0.09599,0.0711,0.10278999999999999,0.0949,0.085,0.08651,0.14,0.09772,0.125,0.0068000000000000005,0.0519,0.09970000000000001,0.07861,0.050910000000000004,0.15725,0.13254,0.11939999999999999,0.0851
ABF.L,Associated British Foods PLC,Food Products,LONDON STOCK EXCHANGE,0.13277,0.09788999999999999,0.0895,0.06559999999999999,0.0681,0.1164,0.1255,0.1211,0.1265,0.12619999999999998,0.1369,0.1307,0.1188,0.11257999999999999,0.11332,0.09173,0.09325,0.09669,0.09976000000000002,0.11380000000000001
AZN.L,AstraZeneca PLC,Pharmaceuticals,LONDON STOCK EXCHANGE,0.32299,0.2704,0.27588999999999997,0.365,0.35590000000000005,0.3197,0.3638,0.3272,0.2828,0.2518,0.2702,0.3442,0.4266,0.43954,0.44332,0.47845,0.36893,0.41523000000000004,0.33390000000000003,0.2539
ATCOa.ST,Atlas Copco AB,Machinery,NASDAQ STOCKHOLM AB,0.34027999999999997,0.32009,0.3114,0.2938,0.358,0.3107,0.3063,0.23829999999999998,0.299,0.28319,0.3287,0.44,0.4476,0.36307,0.24478000000000003,0.48,0.31199,0.21314,0.2621,0.196
AV.L,Aviva PLC,Insurance,LONDON STOCK EXCHANGE,0.10599,0.11949,0.08810000000000001,0.1244,0.13939000000000001,0.1365,0.1229,0.1176,0.1348,0.1505,0.17800000000000002,0.12240000000000001,0.11131,0.11013,0.25420000000000004,0.126,0.11176,0.1761,0.17137,0.10718
AXAF.PA,AXA SA,Insurance,EURONEXT - EURONEXT PARIS,0.149,0.1247,0.102,0.0603,0.0975,0.09359999999999999,0.08560000000000001,0.135,0.141,0.145,0.09691000000000001,0.133,0.1,0.09,0.07502,0.08274,0.11437,0.1149,0.12105,0.08304
AXFO.ST,Axfood AB,Consumer Staples Distribution & Retail,NASDAQ STOCKHOLM AB,0.34954999999999997,0.4083,0.4632,0.457,0.396,0.3624,0.349,0.3407,0.318,0.281,0.275,0.28309999999999996,0.287,0.3075,0.30095,0.33415999999999996,0.34164,0.31767,0.25548,0.2721
BAES.L,BAE Systems PLC,Aerospace & Defense,LONDON STOCK EXCHANGE,0.17600000000000002,0.18530000000000002,0.25219,0.3248,0.266,0.2664,0.3382,0.39740000000000003,0.5257999999999999,0.461,0.38280000000000003,0.3186,0.25909,0.29447,0.30849,0.19637000000000002,0.20699,0.2211,0.2125,-0.0944
BALF.L,Balfour Beatty PLC,Construction & Engineering,LONDON STOCK EXCHANGE,0.16149999999999998,0.2119,0.14419,0.01849,0.1408,0.1565,0.1577,0.060599999999999994,-0.1305,-0.0699,0.1041,0.18713000000000002,0.20123999999999997,0.21943000000000001,0.19760000000000003,0.27151,0.34023000000000003,0.34462000000000004,0.3569,0.1522
BALN.S,Baloise Holding AG,Insurance,SIX SWISS EXCHANGE,0.061500000000000006,0.09269,0.0825,0.0634,0.10789,0.085,0.08900000000000001,0.09699999999999999,0.09300000000000001,0.135,0.095,0.10300000000000001,0.016,0.10301,0.09597,0.08077999999999999,0.16307,0.14916000000000001,0.10034000000000001,0.068
BMPS.MI,Banca Monte dei Paschi di Siena SpA,Banks,ELECTRONIC SHARE MARKET,0.23,-0.029300000000000003,0.10859999999999999,-0.2184,-0.12,0.028999999999999998,-0.41600000000000004,-0.426,0.054770000000000006,-0.69985,-0.2225,-0.06071,-0.0055000000000000005,0.0574,0.01282,0.07928,0.08407,0.10135999999999999,0.10880000000000001,0.068
BBVA.MC,Banco Bilbao Vizcaya Argentaria SA,Banks,BOLSA DE MADRID,0.157,0.1457,0.09859,0.052300000000000006,0.08759,0.11599999999999999,0.08539999999999999,0.067,0.053,0.065,0.071,0.105,0.106,0.158,0.2,0.19824000000000003,0.215,0.28716,0.2961,0.2
BCP.LS,Banco Comercial Portugues SA,Banks,OPERADOR DE MERCADO IBERICO DE ENERGIA - PORTUGAL,0.16,0.04,0.0223,0.0297,0.0508,0.0508,0.0356,-0.00473,0.053,-0.06413,-0.265,-0.22,-0.204,0.04427,0.03344,0.03609,0.12032,0.1613,0.18350000000000002,0.172
SABE.MC,Banco de Sabadell SA,Banks,BOLSA DE MADRID,0.09480000000000001,0.0632,0.0405,0.00016,0.06139,0.026000000000000002,0.061,0.0584,0.0634,0.03456,0.0268,0.0101,0.0382,0.0732,0.11359999999999999,0.14887,0.17781,0.15287,0.1355,0.165
BKT.MC,Bankinter SA,Banks,BOLSA DE MADRID,0.16329999999999997,0.1198,0.0959,0.0703,0.1298,0.1319,0.1264,0.1348,0.109,0.08310000000000001,0.0672,0.0395,0.062400000000000004,0.059000000000000004,0.11289999999999999,0.13486,0.21733,0.13751,0.1438,0.18239999999999998
BARC.L,Barclays PLC,Banks,LONDON STOCK EXCHANGE,0.07187,0.10349,0.10669000000000001,0.0245,0.0661,0.059000000000000004,0.04,0.035,0.0452,0.0484,0.045,0.078,0.051070000000000004,0.06039,0.055229999999999994,0.1097,0.20501000000000003,0.17642,0.16735,0.1843
BTRW.L,Barratt Redrow PLC,Household Durables,LONDON STOCK EXCHANGE,0.049699999999999994,0.11939999999999999,0.1525,0.14919000000000002,0.08529999999999999,0.1583,0.151,0.1481,0.1429,0.1275,0.09519999999999999,0.046900000000000004,0.0265,0.00875,-0.01525,-0.03158,0.09565,0.13498,0.19194,0.2224
BASFn.DE,BASF SE,Chemicals,XETRA,0.0664,0.156,0.16670000000000001,0.0783,0.0959,0.15651,0.18021,0.1416,0.1568,0.1827,0.19399999999999998,0.204,0.275,0.2706,0.15798,0.17027,0.21021,0.17811,0.17623,0.11900000000000001
BAYGn.DE,Bayer AG,Pharmaceuticals,XETRA,0.17518999999999998,0.21739,0.2014,0.16149999999999998,0.13470000000000001,0.13504,0.1752,0.2232,0.2545,0.2438,0.2371,0.2349,0.2101,0.18359999999999999,0.15643,0.20065999999999998,0.21123999999999998,0.1402,0.14118,0.0492
BMWG.DE,Bayerische Motoren Werke AG,Automobiles,XETRA,0.12779,0.22219,0.18309999999999998,0.06280000000000001,0.08410000000000001,0.12746000000000002,0.1703,0.1531,0.1597,0.15960000000000002,0.1616,0.1776,0.205,0.14980000000000002,0.010249999999999999,0.01542,0.15295999999999998,0.15888,0.13364,0.132
BESI.AS,BE Semiconductor Industries NV,Semiconductors & Semiconductor Equipment,EURONEXT - EURONEXT AMSTERDAM,0.33729,0.3857,0.5703,0.395,0.2425,0.2102,0.4445,0.1937,0.1481,0.2404,0.06123,0.06827,0.1155,0.2218,-0.17492000000000002,-0.025459999999999997,-0.029449999999999997,0.056139999999999995,-0.01645,0.001
BEZG.L,Beazley PLC,Insurance,LONDON STOCK EXCHANGE,0.3,0.06839,0.15669,-0.0268,0.1514,0.046,0.0874,0.1716,0.19,0.15733,0.2076,0.1424,0.0492,0.179,0.1429,0.15875999999999998,0.27963,0.1997,0.03978,0.1085
BC8G.DE,Bechtle AG,IT Services,XETRA,0.16190000000000002,0.17370000000000002,0.184,0.1769,0.1796,0.16518,0.15572,0.171,0.172,0.156,0.1321,0.12890000000000001,0.15869999999999998,0.13140000000000002,0.10227,0.15435000000000001,0.15560000000000002,0.12536,0.12862,0.131
BEIG.DE,Beiersdorf AG,Personal Care Products,XETRA,0.09140000000000001,0.10300000000000001,0.0973,0.091,0.1229,0.13573000000000002,0.1377,0.1603,0.1689,0.1631,0.16190000000000002,0.15259999999999999,0.1574,0.1518,0.14242000000000002,0.24812,0.22641999999999998,0.26871,0.28289000000000003,0.20670000000000002
BEIJb.ST,Beijer Ref AB (publ),Trading Companies & Distributors,NASDAQ STOCKHOLM AB,0.11199999999999999,0.2492,0.203,0.165,0.19949999999999998,0.22,0.1632,0.142,0.142,0.129,0.1118,0.128,0.1343,0.11371,0.09469,0.2973,0.33594999999999997,0.21455,0.1628,0.12359999999999999
BEAN.S,Belimo Holding AG,Building Products,SIX SWISS EXCHANGE,0.26030000000000003,0.23768999999999998,0.23120000000000002,0.17399,0.2557,0.20199999999999999,0.198,0.19760000000000003,0.172,0.2224,0.2339,0.24960000000000002,0.2329,0.3179,0.28321999999999997,0.32326,0.3111,0.26186,0.24678999999999998,0.2348
BKGH.L,Berkeley Group Holdings PLC,Household Durables,LONDON STOCK EXCHANGE,0.11539999999999999,0.14398999999999998,0.15289,0.13470000000000001,0.13524,0.22469999999999998,0.3204,0.32270000000000004,0.2047,0.2751,0.212,0.17309999999999998,0.12560000000000002,0.10638,0.096,0.11618,0.18841999999999998,0.16747,0.16640999999999997,0.1597
BYG.L,Big Yellow Group PLC,Specialized REITs,LONDON STOCK EXCHANGE,0.0458,0.04769,0.052300000000000006,0.0565,0.0613,0.0638,0.065,0.0632,0.0616,0.0591,0.0504,0.048600000000000004,0.0455,0.0362,0.03017,0.02559,0.024310000000000002,0.03141,0.0458,0.04305
BIOX.PA,Biomerieux SA,Health Care Equipment & Supplies,EURONEXT - EURONEXT PARIS,0.09720000000000001,0.13449,0.2164,0.17449,0.1321,0.1396,0.1419,0.11503999999999999,0.07651,0.10297,0.1402,0.13964000000000001,0.16487,0.1898,0.18434,0.20143999999999998,0.16914,0.1935,0.2024,0.21524000000000001
BNPP.PA,BNP Paribas SA,Banks,EURONEXT - EURONEXT PARIS,0.09148999999999999,0.0851,0.0823,0.067,0.0782,0.07400000000000001,0.08900000000000001,0.094,0.092,0.07965,0.0697,0.0787,0.08800000000000001,0.12300000000000001,0.08391,0.046669999999999996,0.16059,0.18,0.14,0.1479
BOL.ST,Boliden AB,Metals & Mining,NASDAQ STOCKHOLM AB,0.106,0.22727,0.18030000000000002,0.1517,0.1439,0.19399999999999998,0.2127,0.1535,0.1229,0.0741,0.0764,0.14879,0.16987,0.22533999999999998,0.15378,0.06434000000000001,0.26098,0.47524,0.2108,0.14
BP.L,BP PLC,"Oil, Gas & Consumable Fuels",LONDON STOCK EXCHANGE,0.20079,0.0672,0.17469,-0.06709999999999999,0.1018,0.1286,0.0636,0.02686,0.056600000000000004,0.1008,0.1084,0.15344,0.27022999999999997,0.20876999999999998,0.13733,0.2749,0.23146,0.26499,0.2787,0.19899999999999998
BATS.L,British American Tobacco plc,Tobacco,LONDON STOCK EXCHANGE,0.1349,0.11349000000000001,0.11800000000000001,0.1155,0.09449,0.0975,0.1691,0.7059000000000001,0.7463,0.6408,0.586,0.5172,0.44402,0.41659999999999997,0.40011,0.36101999999999995,0.32104999999999995,0.30033,0.27258,0.24875
BLND.L,British Land Company PLC,Diversified REITs,LONDON STOCK EXCHANGE,0.04902,0.043,0.0377,-0.1591,0.0395,0.0384,0.041100000000000005,0.042,0.041299999999999996,0.0418,0.0478,0.0506,0.0528,0.054939999999999996,0.057980000000000004,0.05181,0.03553,0.030619999999999998,0.03426,0.04190000000000001
BUCN.S,Bucher Industries AG,Machinery,SIX SWISS EXCHANGE,0.2025,0.20739999999999997,0.18420000000000003,0.1096,0.15778999999999999,0.1483,0.12993,0.10300000000000001,0.1215,0.16699999999999998,0.198,0.17800000000000002,0.16436,0.12390000000000001,-0.03329,0.02993,0.21172999999999997,0.13808,0.14658,0.10710000000000001
BNZL.L,Bunzl plc,Trading Companies & Distributors,LONDON STOCK EXCHANGE,0.22516999999999998,0.25049,0.2632,0.3005,0.25629,0.2736,0.285,0.3002,0.2981,0.2928,0.2939,0.2768,0.27684000000000003,0.2667,0.26569,0.30896,0.30574999999999997,0.30072,0.27602,0.294
BRBY.L,Burberry Group PLC,"Textiles, Apparel & Luxury Goods",LONDON STOCK EXCHANGE,0.20149999999999998,0.302,0.24100000000000002,0.19679,0.2412,0.2372,0.22649999999999998,0.2101,0.2102,0.26839999999999997,0.309,0.33159999999999995,0.34637999999999997,0.33289,0.26300999999999997,0.25422999999999996,0.30307,0.2813,0.24775,0.2622
BZU.MI,Buzzi SpA,Construction Materials,ELECTRONIC SHARE MARKET,0.18350000000000002,0.0989,0.13599,0.1539,0.1131,0.1277,0.1394,0.05476,0.0513,0.0507,-0.0216,-0.011399999999999999,0.019,0.01958,0.0559,0.15032,0.18566,0.15029,0.1283,0.0849
CAPP.PA,Capgemini SE,IT Services,EURONEXT - EURONEXT PARIS,0.2113,0.20739000000000002,0.2075,0.168,0.14539,0.1402,0.147,0.13446999999999998,0.13652,0.12781,0.11409000000000001,0.12298999999999999,0.1153,0.09369999999999999,0.08334,0.11579,0.11659000000000001,0.0909,0.0487,-0.0447
CGCBV.HE,Cargotec Corp,Machinery,NASDAQ HELSINKI LTD,0.22949999999999998,0.16219,0.08599,0.1038,0.1189,0.1128,0.12240000000000001,0.091,0.11199999999999999,0.0771,0.0722,0.0958,0.1328,0.08749000000000001,0.07373,0.15615,0.17423,0.19899999999999998,0.16760000000000003,0.12247999999999999
AFXG.DE,Carl Zeiss Meditec AG,Health Care Equipment & Supplies,XETRA,0.1391,0.16,0.15289999999999998,0.08650000000000001,0.11869999999999999,0.10099999999999999,0.1336,0.1267,0.0848,0.102,0.1382,0.11460000000000001,0.1142,0.10042999999999999,0.09715,0.11008,0.13369,0.11799,0.10160999999999999,0.09970000000000001
CARLb.CO,Carlsberg A/S,Beverages,NASDAQ COPENHAGEN A/S,0.26929,0.2556,0.1668,0.15380000000000002,0.1388,0.1151,0.1008,0.092,0.09501,0.1048,0.0839,0.0809,0.0833,0.08987,0.07837,0.06521,0.11800000000000001,0.09791,0.061180000000000005,0.027999999999999997
CARR.PA,Carrefour SA,Consumer Staples Distribution & Retail,EURONEXT - EURONEXT PARIS,0.115,0.1133,0.1155,0.1025,0.1375,0.08342000000000001,0.0755,0.10279999999999999,0.11825,0.12210000000000001,0.12365999999999999,0.1306,0.0933,0.14041,0.13563,0.15808999999999998,0.16777999999999998,0.1867,0.2094,0.22207000000000002
CAST.ST,Castellum AB,Real Estate Management & Development,NASDAQ STOCKHOLM AB,0.054900000000000004,0.0576,0.054400000000000004,0.0669,0.0683,0.0717,0.0728,0.08609,0.1007,0.11410000000000001,0.10640000000000001,0.1073,0.10438,0.10937,0.10992,0.15141,0.08912,0.09234,0.15245,0.1219
CNA.L,Centrica PLC,Multi-Utilities,LONDON STOCK EXCHANGE,0.75969,1.2123,0.14269,0.34850000000000003,0.1923,0.2159,0.2568,0.4657,0.4411,0.2427,0.2464,0.2439,0.23119,0.24153,0.26097000000000004,0.23248999999999997,0.44626,0.35015,0.2783,0.2521
CLN.S,Clariant AG,Chemicals,SIX SWISS EXCHANGE,0.1349,0.175,0.1387,0.1003,0.0909,0.17739999999999997,0.18425999999999998,0.1484,0.1297,0.139,0.1549,0.1104,0.19649999999999998,0.28309999999999996,0.04555,0.12663,0.042039999999999994,0.04936,0.07503,0.0296
COFB.BR,Cofinimmo SA,Health Care REITs,EURONEXT - EURONEXT BRUSSELS,0.06629,0.06480000000000001,0.08960000000000001,0.047400000000000005,0.09029,0.0731,0.0741,0.07232,0.079,-0.033370000000000004,0.06788999999999999,0.08294,0.0775,0.08333,0.07473,0.0633,0.05957,0.0669,0.0758,0.079
COLOb.CO,Coloplast A/S,Health Care Equipment & Supplies,NASDAQ COPENHAGEN A/S,0.2867,0.3738,0.57179,0.6196,0.5861999999999999,0.6278900000000001,0.6217,0.68911,0.76046,0.5895,0.37,0.42,0.42,0.46,0.39,0.37464,0.37305,0.26167,0.19252,0.2403
COTNE.S,Comet Holding AG,"Electronic Equipment, Instruments & Components",SIX SWISS EXCHANGE,0.049,0.25839,0.2764,0.1348,0.060700000000000004,0.0604,0.18565,0.16149999999999998,0.1063,0.1766,0.12689999999999999,0.05,0.08704,0.06683,-0.11327999999999999,0.0647,0.050179999999999995,0.028690000000000004,0.092,0.04201
CBKG.DE,Commerzbank AG,Banks,XETRA,0.077,0.05099,0.0596,-0.107,0.0269,0.030299999999999997,0.0335,0.0096,0.038,0.00988,0.022240000000000003,0.0392,0.0245,0.054299999999999994,-0.09255000000000001,0.00649,0.12214,0.11079,0.09444000000000001,0.0416
SGOB.PA,Compagnie de Saint Gobain SA,Building Products,EURONEXT - EURONEXT PARIS,0.14099,0.15359,0.1458,0.0788,0.10259,0.095,0.0876,0.07412,0.06303,0.0621,0.06433,0.06387999999999999,0.0973,0.07904,0.03878,0.12847,0.1421,0.12210000000000001,0.1124,0.09699999999999999
CFR.S,Compagnie Financiere Richemont SA,"Textiles, Apparel & Luxury Goods",SIX SWISS EXCHANGE,0.21809,0.19640000000000002,0.1134,0.0754,0.05769,0.0929,0.081,0.07919999999999999,0.15109999999999998,0.1011,0.18739999999999998,0.2139,0.1981,0.25413,0.10586999999999999,0.17264,0.20719,0.18581,0.16751000000000002,0.1612
CPG.L,Compass Group PLC,"Hotels, Restaurants & Leisure",LONDON STOCK EXCHANGE,0.2727,0.20827,0.10890000000000001,0.0742,0.45409,0.5215,0.5114,0.45205,0.4725,0.3722,0.28971,0.23876999999999998,0.2249,0.2409,0.22985,0.17824,0.13521,0.12854,0.17247,0.0703
CONG.DE,Continental AG,Automobile Components,XETRA,0.13509000000000002,0.0992,0.12349,0.0787,0.13699,0.17739999999999997,0.21059999999999998,0.2253,0.2615,0.2952,0.2854,0.29309999999999997,0.2565,0.2404,-0.43715000000000004,0.07226,0.17648,0.2309,0.27617,0.2792
CVO.PA,Covivio SA,Diversified REITs,EURONEXT - EURONEXT PARIS,0.05,0.0462,0.0462,0.04559,0.057,0.0548,0.061399999999999996,0.0717,0.07566,0.07446,0.0732,0.07532,0.0739,0.08460000000000001,0.08904,0.04394,0.23855,0.07400000000000001,0.073,0.0919
CRDA.L,Croda International PLC,Chemicals,LONDON STOCK EXCHANGE,0.09820000000000001,0.1819,0.2089,0.1782,0.2589,0.2759,0.3295,0.3456,0.3379,0.3788,0.4722,0.5678,0.61536,0.60335,0.43387,0.27505,0.25484,0.35306,0.37015,0.1739
IETB.BR,D'Ieteren Group SA,Distributors,EURONEXT - EURONEXT BRUSSELS,0.22149000000000002,0.1721,0.1245,0.08619,0.0974,0.021099999999999997,0.1512,0.11679,0.10132,0.07465,0.08,0.10064999999999999,0.17370000000000002,0.19201000000000001,0.15411,0.14482,0.12374,0.1015,0.09960000000000001,0.11900000000000001
DANO.PA,Danone SA,Food Products,EURONEXT - EURONEXT PARIS,0.13390000000000002,0.1349,0.1293,0.1309,0.14980000000000002,0.1494,0.1586,0.14862999999999998,0.1474,0.13944,0.14298,0.1497,0.1459,0.13196,0.10609,0.14754,0.17167000000000002,0.2232,0.203,0.16940000000000002
DANSKE.CO,Danske Bank A/S,Banks,NASDAQ COPENHAGEN A/S,0.127,0.126,0.07799,0.028999999999999998,0.09880000000000001,0.09179999999999999,0.13140000000000002,0.1316,0.11599999999999999,0.08654999999999999,0.0501,0.03594,0.0149,0.03565,0.03164,0.09691000000000001,0.14848,0.16018999999999997,0.18119,0.1741
AM.PA,Dassault Aviation SA,Aerospace & Defense,EURONEXT - EURONEXT PARIS,0.15089,0.1469,0.12279,0.08789,0.1634,0.14,0.08789999999999999,0.10836,0.1225,0.08641,0.0989,0.1139,0.075,0.06077,0.05847,0.09566000000000001,0.09874000000000001,0.08439999999999999,0.1133,0.15498
DAST.PA,Dassault Systemes SE,Software,EURONEXT - EURONEXT PARIS,0.21100000000000002,0.22390000000000002,0.2248,0.1937,0.1981,0.19147999999999998,0.1764,0.17511,0.18028,0.10490000000000001,0.1801,0.19161,0.18780000000000002,0.18651,0.15266,0.19870000000000002,0.20574,0.2077,0.2011,0.2224
CPRI.MI,Davide Campari Milano NV,Beverages,ELECTRONIC SHARE MARKET,0.13939000000000001,0.1537,0.141,0.0922,0.1175,0.12140000000000001,0.1215,0.10896,0.1118,0.1041,0.11367000000000001,0.1201,0.1282,0.13909000000000002,0.13107,0.13798,0.14937,0.15675,0.17811,0.1259
DEMANT.CO,Demant A/S,Health Care Equipment & Supplies,NASDAQ COPENHAGEN A/S,0.20179,0.2518,0.30969,0.1411,0.1991,0.257,0.24,0.2168,0.237,0.247,0.285,0.318,0.41700000000000004,0.52781,0.61048,1.3993600000000002,1.6181100000000002,1.26219,1.127,1.2211
DLN.L,Derwent London PLC,Office REITs,LONDON STOCK EXCHANGE,0.0302,0.0281,0.02799,0.0256,0.026690000000000002,0.0265,0.026099999999999998,0.0218,0.2027,0.022000000000000002,0.0265,0.0288,0.03127,0.03463,0.048170000000000004,0.01505,0.025830000000000002,0.01914,0.0254,0.0225
DBKGn.DE,Deutsche Bank AG,Capital Markets,XETRA,0.07,0.07919999999999999,0.052300000000000006,0.0262,-0.0382,0.0146,0.0287,0.035,0.07919999999999999,0.05654,0.0736,0.0767,0.0809,0.055,0.13587,-0.11359,0.17595,0.19021999999999997,0.1264,0.09140000000000001
LHAG.DE,Deutsche Lufthansa AG,Passenger Airlines,XETRA,0.17829,0.11669,-0.7559,-1.1702,0.12369999999999999,0.22820000000000001,0.28559,0.27690000000000003,0.34881,0.0451,0.0438,0.015,0.0336,0.09380000000000001,-0.03249,0.08669,0.19519999999999998,0.1704,0.10614000000000001,0.1219
DHLn.DE,Deutsche Post AG,Air Freight & Logistics,XETRA,0.1609,0.2535,0.3084,0.21359000000000003,0.18928999999999999,0.1582,0.22870000000000001,0.2386,0.1509,0.21539999999999998,0.2216,0.1444,0.1361,0.3116,0.13931,0.04936,0.09989,0.14533,0.20879999999999999,0.2118
DTEGn.DE,Deutsche Telekom AG,Diversified Telecommunication Services,XETRA,0.1505,0.1991,0.1492,0.16899,0.158,0.1475,0.20117000000000002,0.1402,0.15,0.09820000000000001,0.1106,0.08259999999999999,0.07780000000000001,0.07919999999999999,0.09325,0.07755,0.06328,0.06442,0.11708,0.1291
DGE.L,Diageo PLC,Beverages,LONDON STOCK EXCHANGE,0.40346,0.47387999999999997,0.47909,0.4018,0.33909999999999996,0.3456,0.2909,0.2893,0.2751,0.3049,0.3455,0.41381,0.434,0.45028,0.49916,0.40747999999999995,0.37699,0.33646,0.30858,0.36369999999999997
DNB.OL,Dnb Bank ASA,Banks,OSLO BORS ASA,0.159,0.12711,0.09679,0.113,0.11699999999999999,0.1063,0.10800000000000001,0.10099999999999999,0.1523,0.1492,0.132,0.13617,0.11339,0.1404,0.08622,0.1209,0.17275,0.18699000000000002,0.1893,0.16649999999999998
SMDS.L,DS Smith PLC,Containers & Packaging,LONDON STOCK EXCHANGE,0.11324,0.14238,0.08109,0.0645,0.1408,0.1693,0.17329999999999998,0.2466,0.2032,0.2148,0.1794,0.1207,0.1076,0.13551,0.10785,0.09317,0.13105,0.09219,0.07331,0.11410999999999999
DSV.CO,DSV A/S,Air Freight & Logistics,NASDAQ COPENHAGEN A/S,0.18039000000000002,0.2577,0.195,0.127,0.13929,0.2787,0.2466,0.19870000000000002,0.24758,0.2991,0.3102,0.26899999999999996,0.2614,0.2141,0.14525,0.32694,0.2848,0.25506,0.20199999999999999,0.1388
EONGn.DE,E On Se,Multi-Utilities,XETRA,0.20428999999999997,0.195,0.2949,0.23399999999999999,0.2071,0.30820000000000003,0.9668000000000001,0.1176,0.08039999999999999,0.0555,0.06559999999999999,0.1185,0.0646,0.11900000000000001,0.13205,0.11967,0.12924,0.09669,0.10060000000000001,0.1373
EZJ.L,Easyjet PLC,Passenger Airlines,LONDON STOCK EXCHANGE,0.1449,-0.05678,-0.3967,-0.2969,0.11179,0.15380000000000002,0.11789999999999999,0.17214,0.24791,0.2148,0.2089,0.146,0.14,0.10368000000000001,0.04657,0.07611,0.13553,0.10192999999999999,0.0737,0.053099999999999994
EDP.LS,Edp SA,Electric Utilities,OPERADOR DE MERCADO IBERICO DE ENERGIA - PORTUGAL,0.09169000000000001,0.0733,0.0695,0.08449999999999999,0.0574,0.056100000000000004,0.1175,0.1063,0.10523999999999999,0.12140000000000001,0.12081,0.1242,0.13832,0.1344,0.10396000000000001,0.11689999999999999,0.13163,0.15156,0.1155,0.095
FOUG.PA,Eiffage SA,Construction & Engineering,EURONEXT - EURONEXT PARIS,0.16039,0.15259,0.14300000000000002,0.0711,0.1449,0.1391,0.1292,0.12166,0.10231,0.09811,0.10235,0.07244,0.08529999999999999,0.09176999999999999,0.11547,0.09555,0.16399,0.2321,0.2398,0.24394
ELUXb.ST,Electrolux AB,Household Durables,NASDAQ STOCKHOLM AB,-0.13179,-0.01564,0.2839,0.19329999999999997,0.1133,0.18030000000000002,0.30010000000000003,0.275,0.2054,0.22399999999999998,0.2087,0.18012,0.10703,0.25655,0.22122,0.04447,0.20010999999999998,0.13551,0.0712,0.12359999999999999
EKTAb.ST,Elekta AB (publ),Health Care Equipment & Supplies,NASDAQ STOCKHOLM AB,0.135,0.1346,0.1349,0.16,0.1364,0.1521,0.16,0.09759999999999999,0.1127,0.0861,0.2095,0.26280000000000003,0.2752,0.29145,0.2584,0.25275,0.22361,0.18655000000000002,0.17068999999999998,0.1562
ELI.BR,Elia Group SA,Electric Utilities,EURONEXT - EURONEXT BRUSSELS,0.07059,0.08529,0.0736,0.061,0.07509,0.0916,0.0889,0.07302,0.10365,0.07672,0.0814,0.0746,0.0678,0.23821,0.06144,0.07667,0.058600000000000006,0.058600000000000006,0.0652,0.055
ENAG.MC,Enagas SA,Gas Utilities,BOLSA DE MADRID,0.11099,0.12,0.129,0.14029999999999998,0.14529,0.16879999999999998,0.1979,0.17562999999999998,0.17853000000000002,0.18599,0.19519999999999998,0.1963,0.2027,0.20104,0.18844999999999998,0.18492999999999998,0.13219,0.19138000000000002,0.1812,0.16219999999999998
ELE.MC,Endesa SA,Electric Utilities,BOLSA DE MADRID,0.11800000000000001,0.4645,0.22609,0.1841,0.08179,0.1563,0.16210000000000002,0.15689999999999998,0.12376,0.06482,0.09127,0.10183999999999999,0.11539999999999999,0.18719999999999998,0.24102,0.1206,0.1618,0.18405000000000002,0.1114,0.1509
ENEI.MI,Enel SpA,Electric Utilities,ELECTRONIC SHARE MARKET,0.2155,0.18489,0.19289,0.1771,0.1535,0.14400000000000002,0.1066,0.09655,0.0904,0.0888,0.087,0.0916,0.1081,0.1234,0.16597,0.19094,0.17984999999999998,0.15796,0.20243,0.1451
ENGIE.PA,Engie SA,Multi-Utilities,EURONEXT - EURONEXT PARIS,0.1866,0.17199,0.10839,0.058600000000000006,0.08288999999999999,0.06718,0.0622,0.0799,0.056369999999999996,0.0621,0.09712,0.06198000000000001,0.0567,0.0679,0.07427,0.16,0.1406,0.1461,0.134,0.10064000000000001
ENI.MI,Eni SpA,"Oil, Gas & Consumable Fuels",ELECTRONIC SHARE MARKET,0.154,0.26789,0.1153,-0.0174,0.0582,0.0832,0.04769999999999999,-0.00649,0.0078000000000000005,0.06280999999999999,0.0756,0.1243,0.13058999999999998,0.14122,0.11241,0.22313,0.2253,0.25848,0.2351,0.2412
EQNR.OL,Equinor ASA,"Oil, Gas & Consumable Fuels",OSLO BORS ASA,0.20239000000000001,0.488,0.27559,0.027200000000000002,0.11710000000000001,0.1616,0.1209,0.055099999999999996,0.053,0.10619999999999999,0.1183,0.18424,0.2034,0.17995999999999998,0.19312,0.28246,0.25307999999999997,0.35039000000000003,0.3207,0.3207
ERST.VI,Erste Group Bank AG,Banks,WIENER BOERSE AG AMTLICHER HANDEL (OFFICIAL MARKET),0.172,0.126,0.12669,0.0545,0.0891,0.12542999999999999,0.09512000000000001,0.10779999999999999,0.0929,-0.136,-0.00196,0.0388,0.025699999999999997,0.07719999999999999,0.07107999999999999,0.07642,0.10532,0.10787000000000001,0.11466,0.17739999999999997
EUFI.PA,Eurofins Scientific SE,Life Sciences Tools & Services,EURONEXT - EURONEXT PARIS,0.13779,0.15539,0.2502,0.2556,0.1595,0.1392,0.147,0.17149999999999999,0.20309999999999997,0.24866,0.33852,0.2661,0.23,0.111,-0.05713,0.08148,0.16167,0.1892,0.2087,0.1308
FER.MC,Ferrovial SE,Construction & Engineering,BOLSA DE MADRID,0.11679,0.045599999999999995,0.3326,-0.10949999999999999,0.060700000000000004,0.0649,0.1041,0.06417,0.12210000000000001,0.07058,0.12093,0.11230000000000001,0.0745,0.0458,-0.02243,0.0666,0.10861000000000001,0.09570000000000001,0.15,0.17170000000000002
FLS.CO,FLSmidth & Co A/S,Machinery,NASDAQ COPENHAGEN A/S,0.0453,0.033,0.0404,0.026699999999999998,0.09369,0.0998,0.15439999999999998,0.1131,0.11055999999999999,0.11,0.0654,0.142,0.165,0.17482,0.25288,0.3276,0.34918,0.38219000000000003,0.19030000000000002,0.0212
FHZN.S,Flughafen Zuerich AG,Transportation Infrastructure,SIX SWISS EXCHANGE,0.11099,0.08130000000000001,-0.0074,-0.0288,0.1266,0.11789999999999999,0.10743,0.1097,0.099,0.098,0.1125,0.052000000000000005,0.098,0.084,0.11897,0.08657999999999999,0.10037000000000001,0.08588,0.07568,0.0226
FORTUM.HE,Fortum Oyj,Electric Utilities,NASDAQ HELSINKI LTD,0.14699,0.1566,0.1418,0.12300000000000001,0.1259,0.0799,0.0392,0.0374,0.0592,0.10310000000000001,0.12,0.12976000000000001,0.131,0.16,0.16330999999999998,0.18075,0.15489,0.1375,0.1174,0.17170000000000002
FMEG.DE,Fresenius Medical Care AG,Health Care Providers & Services,XETRA,0.055,0.0684,0.08509,0.1173,0.11800000000000001,0.1276,0.12930999999999998,0.1202,0.1065,0.1119,0.1252,0.13269999999999998,0.1374,0.1366,0.1355,0.14174,0.13732,0.12138,0.11958,0.11689999999999999
FRO.OL,Frontline Plc,"Oil, Gas & Consumable Fuels",OSLO BORS ASA,0.25769,0.17219,-0.0337,0.2701,0.1096,-0.019799999999999998,-0.0033,0.049699999999999994,0.0817,0.9527,-2.064,-0.42116,-0.212,0.2168,0.13853,1.21018,0.29339,0.43079,0.41369999999999996,0.7245
FPE3_p.DE,Fuchs Se,Chemicals,XETRA,0.155,0.14419,0.15189,0.1402,0.15119,0.20850000000000002,0.2143,0.22875,0.2377,0.2484,0.26780000000000004,0.2876,0.3037,0.36479999999999996,0.30856,0.34124000000000004,0.37393,0.36058,0.37309,0.3872
FUGR.AS,Fugro NV,Construction & Engineering,EURONEXT - EURONEXT AMSTERDAM,0.21710000000000002,0.0932,0.08019,-0.07019,0.0088,0.0038,-0.17059999999999997,-0.0766,-0.006999999999999999,0.04650000000000001,0.13570000000000002,0.161,0.1818,0.20193000000000003,0.22178,0.34503,0.33984000000000003,0.27207000000000003,0.2844,0.2623
G1AG.DE,GEA Group AG,Machinery,XETRA,0.19399,0.20839,0.18469999999999998,0.10880000000000001,0.0925,0.1103,0.1182,0.09747,0.1348,0.14856,0.16,0.19469999999999998,0.17850000000000002,0.13849999999999998,0.09261,0.24233000000000002,0.1894,0.13158,0.05673,0.00815
GEBN.S,Geberit AG,Building Products,SIX SWISS EXCHANGE,0.25980000000000003,0.2608,0.38689,0.33619,0.355,0.33340000000000003,0.348,0.3747,0.30829999999999996,0.2949,0.2816,0.2752,0.2612,0.26850999999999997,0.26338,0.34332999999999997,0.33559,0.35081,0.29581,0.2401
GFCP.PA,Gecina SA,Office REITs,EURONEXT - EURONEXT PARIS,0.0381,0.03189,0.0308,0.0638,0.0358,0.0385,0.03774,0.08117,0.0499,0.04496000000000001,0.050069999999999996,0.049589999999999995,0.049800000000000004,0.057069999999999996,0.06480999999999999,0.04306,0.04589000000000001,0.0429,0.048499999999999995,0.0454
GMAB.CO,Genmab A/S,Biotechnology,NASDAQ COPENHAGEN A/S,0.14429,0.2225,0.1456,0.2869,0.19640000000000002,0.2061,0.1989,0.28559999999999997,0.27665,0.22381,0.1346,-0.26170000000000004,-0.2755,-0.12057000000000001,-0.7791899999999999,-0.38057,-0.17073,-0.32148000000000004,-0.3422,-0.36619999999999997
GF.S,Georg Fischer AG,Machinery,SIX SWISS EXCHANGE,0.2776,0.18,0.1515,0.08439999999999999,0.1246,0.2082,0.20379999999999998,0.1931,0.1759,0.18469999999999998,0.14800000000000002,0.09998,0.1417,0.1,-0.22222,0.03804,0.15518,0.17283,0.13933,0.0958
GETIb.ST,Getinge AB,Health Care Equipment & Supplies,NASDAQ STOCKHOLM AB,0.078,0.08900000000000001,0.1574,0.1894,0.0925,0.0817,0.10490000000000001,0.12471,0.1313,0.10400000000000001,0.1699,0.16899999999999998,0.18173999999999998,0.17533,0.19338999999999998,0.17906,0.19956,0.22027000000000002,0.2359,0.2415
GIVN.S,Givaudan SA,Chemicals,SIX SWISS EXCHANGE,0.2351,0.1174,0.2273,0.221,0.2348,0.21739999999999998,0.2413,0.20600000000000002,0.23199999999999998,0.21739999999999998,0.138,0.11460000000000001,0.0833,0.1405,0.1041,0.046490000000000004,0.08615,0.15746000000000002,0.18350000000000002,0.1444
GL9.I,Glanbia PLC,Food Products,IRISH STOCK EXCHANGE - ALL MARKET,0.1698,0.15963,0.15119,0.1315,0.15810000000000002,0.1575,0.2026,0.1999,0.25239999999999996,0.2182,0.2786,0.31582,0.29138000000000003,0.31504,0.26735,0.42274,0.38005,0.4067,0.3435,0.17989999999999998
GN.CO,GN Store Nord A/S,Household Durables,NASDAQ COPENHAGEN A/S,0.11130000000000001,0.0784,0.3079,0.24969999999999998,0.29239,0.25120000000000003,0.2157,0.1815,0.14085,0.14,0.1543,0.08869999999999999,0.02,0.061669999999999996,0.03563,-0.01246,0.06417,0.06791,0.16940000000000002,0.10210000000000001
GRG.L,Greggs PLC,"Hotels, Restaurants & Leisure",LONDON STOCK EXCHANGE,0.2594,0.27491,0.313,-0.0403,0.2716,0.2279,0.23010000000000003,0.2345,0.22460000000000002,0.1833,0.13369999999999999,0.18565,0.20800000000000002,0.2228,0.20929999999999999,0.21202000000000001,0.23518,0.18084,0.20125,0.21686
GRLS.MC,Grifols SA,Biotechnology,BOLSA DE MADRID,0.0415,0.038,0.042,0.1483,0.15839,0.16337,0.1598,0.17764,0.20629999999999998,0.25125,0.22625,0.17393,0.1229,0.21043,0.26126,0.28131,0.23328,0.21397,0.1656,0.0785
GBLB.BR,Groep Brussel Lambert NV,Financial Services,EURONEXT - EURONEXT BRUSSELS,0.1158,-0.0337,0.0143,0.0202,0.0415,0.0406,0.0449,0.04027,0.03712,0.0506,0.0443,0.04785999999999999,0.0496,0.04327,0.07125,0.044640000000000006,0.03093,0.0341,0.05788,0.044000000000000004
GSK.L,GSK plc,Pharmaceuticals,LONDON STOCK EXCHANGE,0.5247999999999999,0.4385,0.38219000000000003,0.4439,0.7502,2.7349,10.3485,1.8006,0.7802,0.8142,0.8472,0.79988,0.6943699999999999,0.7138500000000001,0.61419,0.59699,0.55987,0.62597,0.6943,0.7166
HMb.ST,H & M Hennes & Mauritz AB,Specialty Retail,NASDAQ STOCKHOLM AB,0.177,0.0644,0.19210000000000002,0.0223,0.2325,0.214,0.2676,0.3125,0.381,0.413,0.385,0.384,0.358,0.44067,0.42247,0.44303,0.4539,0.4021,0.38420000000000004,0.3439
HLMA.L,Halma PLC,"Electronic Equipment, Instruments & Components",LONDON STOCK EXCHANGE,0.1865,0.1923,0.193,0.1932,0.2054,0.221,0.21350000000000002,0.2137,0.2169,0.2279,0.22899999999999998,0.2325,0.2447,0.22771999999999998,0.19662,0.21234999999999998,0.23189,0.23514,0.21922,0.2023
HNRGn.DE,Hannover Rueck SE,Insurance,XETRA,0.2003,0.1408,0.1076,0.0821,0.133,0.12135,0.1094,0.13699999999999998,0.147,0.147,0.15,0.156,0.128,0.182,0.19698000000000002,-0.03501,0.18809,0.15475,0.015880000000000002,0.1246
HAYS.L,Hays PLC,Professional Services,LONDON STOCK EXCHANGE,0.10424,0.18859,0.18489,0.07128999999999999,0.10289,0.24760000000000001,0.2955,0.2664,0.3423,0.4139,0.39770000000000005,0.35229999999999995,0.3901,0.43439999999999995,0.31043,0.7628,1.46809,1.90728,1.77361,1.1824
HEIN.AS,Heineken NV,Beverages,EURONEXT - EURONEXT AMSTERDAM,0.13289,0.15369,0.13279,0.0855,0.165,0.1752,0.16920000000000002,0.1567,0.15789999999999998,0.1477,0.1373,0.15802,0.14300000000000002,0.1843,0.19024000000000002,0.19363,0.19327000000000003,0.18536999999999998,0.1955,0.2102
HELN.S,Helvetia Holding AG,Insurance,SIX SWISS EXCHANGE,0.07309,0.11,0.07429999999999999,0.042,0.08759,0.0787,0.098,0.1042,0.0645,0.08978,0.0965,0.0959,0.08900000000000001,0.10779999999999999,0.10255,0.08199999999999999,0.1435,0.16208999999999998,0.13332,0.1235
HNKG_p.DE,Henkel AG & Co KGaA,Household Products,XETRA,0.09089,0.08359,0.10519,0.1015,0.1324,0.15979,0.1655,0.16190000000000002,0.1678,0.1759,0.18170000000000003,0.1779,0.161,0.175,0.12697,0.19949000000000003,0.16369,0.15622,0.15536,0.1539
HRMS.PA,Hermes International SCA,"Textiles, Apparel & Luxury Goods",EURONEXT - EURONEXT PARIS,0.3119,0.30829999999999996,0.2914,0.1986,0.2532,0.26649999999999996,0.2593,0.27086,0.2705,0.27374,0.30564,0.3177,0.25170000000000003,0.2126,0.171,0.18844999999999998,0.19232,0.18989999999999999,0.18309999999999998,0.1832
HEXAb.ST,Hexagon AB,"Electronic Equipment, Instruments & Components",NASDAQ STOCKHOLM AB,0.1191,0.13068,0.1388,0.12689999999999999,0.1364,0.1475,0.1452,0.1323,0.1417,0.13720000000000002,0.1375,0.133,0.12944,0.1365,0.10013999999999999,0.16745000000000002,0.19297999999999998,0.18021,0.15523,0.1515
HSX.L,Hiscox Ltd,Insurance,LONDON STOCK EXCHANGE,0.24928999999999998,0.01684,0.0775,-0.12929000000000002,0.02169,0.055999999999999994,0.0147,0.20149999999999998,0.1408,0.171,0.193,0.16899999999999998,0.017,0.14730000000000001,0.25016,0.07977000000000001,0.24050000000000002,0.26005,0.1027,0.15560000000000002
HOTG.DE,Hochtief AG,Construction & Engineering,XETRA,0.44118999999999997,0.49799,0.28269,0.4393,-0.12960000000000002,0.293,0.23294,0.3514,0.0964,0.1133,0.0698,0.091,-0.0576,0.11230000000000001,0.08833,0.05973,0.052629999999999996,0.03918,0.02994,0.0262
HOLN.S,Holcim AG,Construction Materials,SIX SWISS EXCHANGE,0.113,0.0787,0.09109,0.0695,0.07469,0.0574,0.06409,0.0519,0.0321,0.0765,0.0779,0.0828,0.0395,0.0637,0.07729,0.08928000000000001,0.19007000000000002,0.12761,0.12364000000000001,0.11900000000000001
HOLMb.ST,Holmen AB,Paper & Forest Products,NASDAQ STOCKHOLM AB,0.07,0.10789,0.0745,0.0479,0.0575,0.0852,0.0771,0.069,0.0633,0.051399999999999994,0.034,0.0387,0.071,0.04213,0.059989999999999995,0.039420000000000004,0.08967,0.08939,0.07921,0.08289999999999999
HSBA.L,HSBC Holdings PLC,Banks,LONDON STOCK EXCHANGE,0.13041,0.0915,0.0737,0.0326,0.0787,0.0803,0.0735,0.0679,0.07,0.07353,0.0875,0.08057,0.106,0.09237000000000001,0.04338,0.13828,0.15213,0.14815,0.15256,0.14699
HUH1V.HE,Huhtamaki Oyj,Containers & Packaging,NASDAQ HELSINKI LTD,0.132,0.006,0.154,0.15419,0.15259,0.146,0.1714,0.1775,0.1834,0.161,0.1517,0.15,0.12436,0.14515,0.11085,0.07546,0.10339999999999999,0.111,0.1359,0.115
IBE.MC,Iberdrola SA,Electric Utilities,BOLSA DE MADRID,0.1013,0.1047,0.09759999999999999,0.09300000000000001,0.09169000000000001,0.0836,0.07769999999999999,0.06805,0.063,0.065,0.07678,0.084,0.09050000000000001,0.095,0.10603,0.10686,0.12259,0.16618,0.15410000000000001,0.139
IGG.L,IG Group Holdings PLC,Capital Markets,LONDON STOCK EXCHANGE,0.15763,0.18059,0.31879,0.35946,0.2705,0.188,0.2871,0.242,0.262,0.22719999999999999,0.2731,0.29712,0.3222,0.2796,0.23611000000000001,0.24347000000000002,0.30145,0.25724,0.23129999999999998,0.2609
IMI.L,IMI PLC,Machinery,LONDON STOCK EXCHANGE,0.31289,0.3234,0.31120000000000003,0.2867,0.28789000000000003,0.3116,0.3075,0.2973,0.3233,0.3857,0.37560000000000004,0.44659999999999994,0.47373,0.45683,0.32566,0.39469,0.33055999999999996,0.31013,0.20489999999999997,0.1491
IMB.L,Imperial Brands PLC,Tobacco,LONDON STOCK EXCHANGE,0.39929000000000003,0.41090000000000004,0.47539000000000003,0.5255,0.48658999999999997,0.4526,0.4637,0.4476,0.3899,0.3654,0.35296999999999995,0.2954,0.25933,0.25793,0.25295,0.30919,1.0592300000000001,1.3062200000000002,4.1304,5.8872
ITX.MC,Industria de Diseno Textil SA,Specialty Retail,BOLSA DE MADRID,0.3019,0.4445,0.214,0.07519,0.25,0.2447,0.257,0.2582,0.26327,0.25421,0.27,0.2977,0.27998,0.29569,0.24658000000000002,0.27949999999999997,0.32518,0.31352,0.3023,0.25989999999999996
IFCN.S,Inficon Holding AG,"Electronic Equipment, Instruments & Components",SIX SWISS EXCHANGE,0.3423,0.33399,0.3378,0.2284,0.25469,0.3109,0.31701,0.24,0.17600000000000002,0.218,0.196,0.2459,0.248,0.18358,0.01685,0.17543,0.16677,0.14559,0.1072,0.0855
IFXGn.DE,Infineon Technologies AG,Semiconductors & Semiconductor Equipment,XETRA,0.1476,0.2167,0.1946,0.1446,0.0864,0.1381,0.17800000000000002,0.1814,0.1761,0.136,0.129,0.077,0.1247,0.2488,0.13439,-0.25367,-0.03306,-0.047599999999999996,-0.04517,-0.04032
INF.L,Informa PLC,Media,LONDON STOCK EXCHANGE,0.09140000000000001,0.05519,0.0449,0.0245,0.11198999999999999,0.1286,0.1729,0.17759,0.2229,0.2039,0.19207000000000002,0.18154,0.16399999999999998,0.15314,0.14465999999999998,0.17129000000000003,0.16329000000000002,0.14174,0.11109999999999999,0.2626
INGA.AS,ING Groep NV,Banks,EURONEXT - EURONEXT AMSTERDAM,0.1441,0.0728,0.08800000000000001,0.045700000000000005,0.094,0.10640000000000001,0.0989,0.10189999999999999,0.0859,0.0699,0.0649,0.052000000000000005,0.08394,0.09682,0.02086,-0.0213,0.22718,0.19317,0.2186,0.2202
IHG.L,InterContinental Hotels Group PLC,"Hotels, Restaurants & Leisure",LONDON STOCK EXCHANGE,-0.35624,-0.3301,-0.1612,-0.0342,-0.3821,-0.5713,-0.5809000000000001,-1.8821,-1.976,-0.9690000000000001,3.6991199999999997,0.94971,0.907,1.3117699999999999,1.96644,5.29293,0.40816,0.16313,0.13083,0.102
ITRK.L,Intertek Group PLC,Professional Services,LONDON STOCK EXCHANGE,0.27739,0.2889,0.3003,0.2859,0.37759,0.4078,0.489,0.6203,0.41786999999999996,0.28300000000000003,0.3318,0.3709,0.38067999999999996,0.37144,0.40896,0.49319,0.54306,0.82353,1.66757,-3.2485000000000004
ISOS.PA,Ipsos SA,Media,EURONEXT - EURONEXT PARIS,0.1575,0.16510000000000002,0.17170000000000002,0.1174,0.12215999999999999,0.1093,0.1375,0.13188,0.1399,0.14024,0.13794,0.08800000000000001,0.1151,0.1523,0.10836,0.11222,0.11074,0.0929,0.1009,0.1686
ITV.L,ITV PLC,Media,LONDON STOCK EXCHANGE,0.17295000000000002,0.321,0.4696,0.44259,0.6675,0.8227,0.9126000000000001,0.7440000000000001,0.6194,0.5919,0.5325,0.451,0.41718000000000005,0.49105,0.2029,0.05619,0.06061,0.07916000000000001,0.10228,0.07519999999999999
SBRY.L,J Sainsbury PLC,Consumer Staples Distribution & Retail,LONDON STOCK EXCHANGE,0.0731,0.068,0.078,0.0387,0.0593,0.0675,0.06849999999999999,0.0687,0.0806,0.08869999999999999,0.10800000000000001,0.1035,0.0969,0.09663000000000001,0.08900999999999999,0.0827,0.07087,0.0599,0.043579999999999994,0.0368
JMT.LS,Jeronimo Martins SGPS SA,Consumer Staples Distribution & Retail,OPERADOR DE MERCADO IBERICO DE ENERGIA - PORTUGAL,0.2939,0.256,0.21600000000000003,0.18129,0.23079999999999998,0.2249,0.2186,0.23449,0.24335,0.21739,0.29445,0.309,0.35240000000000005,0.34627,0.2575,0.18181999999999998,0.16091,0.12004,0.17809999999999998,0.21739999999999998
JMAT.L,Johnson Matthey PLC,Chemicals,LONDON STOCK EXCHANGE,0.10571,0.1309,0.1588,0.1401,0.1409,0.1764,0.17329999999999998,0.1962,0.1955,0.21760000000000002,0.2334,0.2107,0.22260000000000002,0.19096,0.14639,0.15682000000000001,0.1661,0.1632,0.15407,0.1668
JYSK.CO,Jyske Bank A/S,Banks,NASDAQ COPENHAGEN A/S,0.14779,0.1039,0.0931,0.04889,0.0723,0.07440000000000001,0.09970000000000001,0.10210000000000001,0.08672,0.11199999999999999,0.109,0.062400000000000004,0.0478,0.05869,0.10751,0.09526,0.17739000000000002,0.22042,0.19808,0.1802
SDFGn.DE,K+S AG,Chemicals,XETRA,0.03169,0.251,0.7936,-0.5108,0.0206,0.0102,0.0424,0.0394,0.13449999999999998,0.10339999999999999,0.128,0.19399999999999998,0.20199999999999999,0.18780000000000002,0.044669999999999994,0.7371800000000001,0.17054,0.21109999999999998,0.17704,0.2429
KBC.BR,Kbc Groep NV,Banks,EURONEXT - EURONEXT BRUSSELS,0.16,0.14,0.1304,0.077,0.1293,0.13369999999999999,0.15439999999999998,0.18,0.22,0.13057,0.1373,0.14111,0.1051,0.11,-0.14800000000000002,-0.14671,0.15907,0.1418,0.1425,0.16879999999999998
KEMIRA.HE,Kemira Oyj,Chemicals,NASDAQ HELSINKI LTD,0.19539,0.16390000000000002,0.1273,0.12710000000000002,0.11419,0.0977,0.09230000000000001,0.09369999999999999,0.08710000000000001,0.08449999999999999,0.0959,0.1047,0.10099999999999999,0.0956,0.06547,0.03407,0.08775000000000001,0.1105,0.08960000000000001,0.11789999999999999
PRTP.PA,Kering SA,"Textiles, Apparel & Luxury Goods",EURONEXT - EURONEXT PARIS,0.2096,0.2741,0.2671,0.17850000000000002,0.3182,0.25780000000000003,0.1724,0.11538999999999999,0.0943,0.11097,0.1117,0.11359999999999999,0.0928,0.09101000000000001,0.07157,0.08198,0.10696,0.0787,0.0663,0.0764
KYGa.I,Kerry Group PLC,Food Products,IRISH STOCK EXCHANGE - ALL MARKET,0.1198,0.1322,0.1316,0.1334,0.1531,0.17379999999999998,0.18059999999999998,0.18562,0.2113,0.23329999999999998,0.2275,0.21603000000000003,0.21571,0.23420000000000002,0.22691,0.2266,0.20181000000000002,0.19914,0.21984,0.2281
KESKOB.HE,Kesko Oyj,Consumer Staples Distribution & Retail,NASDAQ HELSINKI LTD,0.18519,0.23260000000000003,0.24082,0.18289999999999998,0.1434,0.11630000000000001,0.1106,0.0951,0.0699,0.076,0.077,0.06674000000000001,0.08334,0.09865,0.034820000000000004,0.08922000000000001,0.1374,0.1467,0.124,0.0872
KGH.WA,KGHM Polska Miedz SA,Metals & Mining,WARSAW STOCK EXCHANGE/EQUITIES/MAIN MARKET,0.0087,0.16140000000000002,0.25579,0.08710000000000001,0.07209,0.0895,0.0911,0.0455,0.06288,0.10177,0.13551,0.22697,0.46130000000000004,0.37334,0.22329999999999997,0.27001000000000003,0.44478,0.47909999999999997,0.39640000000000003,0.316
KGF.L,Kingfisher PLC,Specialty Retail,LONDON STOCK EXCHANGE,0.06259,0.08759,0.11039,0.10099,0.0655,0.06280000000000001,0.0709,0.0925,0.08199999999999999,0.0786,0.0886,0.08800000000000001,0.10460000000000001,0.09253,0.07765,0.054189999999999995,0.058070000000000004,0.06338,0.06548,0.1033
KSP.I,Kingspan Group PLC,Building Products,IRISH STOCK EXCHANGE - ALL MARKET,0.19030000000000002,0.20829,0.22268999999999997,0.1748,0.20289000000000001,0.21309999999999998,0.2007,0.26890000000000003,0.0864,0.1233,0.1118,0.09565,0.08900000000000001,0.0783,0.08138999999999999,0.20687999999999998,0.30711,0.31353000000000003,0.30865,0.2531
KNEBV.HE,Kone Oyj,Machinery,NASDAQ HELSINKI LTD,0.3293,0.25537,0.3171,0.297,0.2969,0.28082999999999997,0.3395,0.381,0.44520000000000004,0.4023,0.401,0.3265,0.355,0.36443,0.39207000000000003,0.46753999999999996,0.45932,0.3433,0.1578,0.2616
KCRA.HE,Konecranes Abp,Machinery,NASDAQ HELSINKI LTD,0.1934,0.14639,0.113,0.14119,0.1491,0.12300000000000001,0.0999,0.20739999999999997,0.1889,0.1732,0.109,0.29373,0.17013999999999999,0.18617,0.15801,0.48833,0.44242,0.3651,0.1663,0.14307
KOG.OL,Kongsberg Gruppen ASA,Aerospace & Defense,OSLO BORS ASA,0.2516,0.20538,0.1616,0.11939,0.061,0.0708,0.08470000000000001,0.1057,0.15810000000000002,0.18489999999999998,0.1902,0.2143,0.2773,0.34926,0.22138000000000002,0.30997,0.22422,0.15616,0.1411,0.0225
AD.AS,Koninklijke Ahold Delhaize NV,Consumer Staples Distribution & Retail,EURONEXT - EURONEXT AMSTERDAM,0.16268999999999997,0.1752,0.17300000000000001,0.1888,0.1307,0.12539999999999998,0.10060000000000001,0.13570000000000002,0.1837,0.14150000000000001,0.14550000000000002,0.17588,0.17120000000000002,0.15031,0.16434,0.19082000000000002,0.17102,0.15608,0.1408,0.0672
PHG.AS,Koninklijke Philips NV,Health Care Equipment & Supplies,EURONEXT - EURONEXT AMSTERDAM,0.0908,0.061,0.11380000000000001,0.1483,0.149,0.1364,0.1186,0.11939999999999999,0.0944,0.0969,0.1177,0.0956,0.01474,0.10525999999999999,0.055279999999999996,0.07395,0.06675,0.05386,0.0794,0.20199999999999999
KNIN.S,Kuehne und Nagel International AG,Marine Transportation,SIX SWISS EXCHANGE,0.3924,0.7653,0.7681,0.33369,0.34439,0.332,0.32894,0.3354,0.2959,0.254,0.242,0.2302,0.2532,0.25877,0.20482,0.26350999999999997,0.24583,0.2563,0.26214,0.2663
AIRP.PA,L'Air Liquide Societe Anonyme pour l'Etude et l'Exploitation des Procedes Georges Claude SA,Chemicals,EURONEXT - EURONEXT PARIS,0.1281,0.122,0.1286,0.13019999999999998,0.1223,0.12390000000000001,0.1331,0.12653,0.14669000000000001,0.14882,0.15508,0.16114,0.16449999999999998,0.17027,0.16219,0.18098,0.17221,0.15689999999999998,0.1631,0.1324
OREP.PA,L'Oreal SA,Personal Care Products,EURONEXT - EURONEXT PARIS,0.23059000000000002,0.23850000000000002,0.18789999999999998,0.14029999999999998,0.15460000000000002,0.15410000000000001,0.152,0.1516,0.1594,0.14597,0.1431,0.15410000000000001,0.15896000000000002,0.16663,0.14689,0.16213999999999998,0.14404999999999998,0.1252,0.12369999999999999,0.16829999999999998
LAND.L,Land Securities Group PLC,Diversified REITs,LONDON STOCK EXCHANGE,0.05534,0.0527,0.0461,0.031400000000000004,0.04429,0.0433,0.0369,0.0329,0.0325,0.0346,0.0492,0.0394,0.042699999999999995,0.0444,0.045309999999999996,0.045129999999999997,0.0374,0.0362,0.048920000000000005,0.0506
LXSG.DE,Lanxess AG,Chemicals,XETRA,0.01,0.07919,0.12339,0.10689,0.1531,0.1606,0.15664,0.1012,0.0738,0.08631,0.10529999999999999,0.2529,0.2923,0.23851,0.02793,0.11664,0.18917,0.14679999999999999,-0.04807,-0.0622
LGEN.L,Legal & General Group PLC,Insurance,LONDON STOCK EXCHANGE,0.09699999999999999,0.20679999999999998,0.2051,0.14300000000000002,0.20179,0.2147,0.2464,0.19716999999999998,0.177,0.16879999999999998,0.1611,0.155,0.145,0.18170000000000003,0.1416,0.08496000000000001,0.12632,0.2903,0.20196999999999998,0.1475
LDOF.MI,Leonardo SpA,Aerospace & Defense,ELECTRONIC SHARE MARKET,0.08778999999999999,0.13619,0.1,0.0455,0.1816,0.09390000000000001,0.0922,0.12619999999999998,0.1127,0.019,0.02,-0.18899999999999997,-0.42200000000000004,0.1009,0.09986,0.10612,0.09003,0.06709999999999999,0.09361000000000001,0.20929999999999999
LOGN.S,Logitech International SA,"Technology Hardware, Storage & Peripherals",SIX SWISS EXCHANGE,0.29960000000000003,0.2262,0.33840000000000003,0.5881000000000001,0.2737,0.3045,0.2843,0.2704,0.20206,0.2045,0.16260000000000002,-0.2422,0.060700000000000004,0.1165,0.06498,0.10933999999999999,0.25605,0.30051,0.29902,0.3037
LVMH.PA,LVMH Moet Hennessy Louis Vuitton SE,"Textiles, Apparel & Luxury Goods",EURONEXT - EURONEXT PARIS,0.2613,0.2755,0.2848,0.12710000000000002,0.2082,0.20739999999999997,0.1857,0.16175,0.155,0.13434,0.1394,0.1471,0.15461,0.19565000000000002,0.12721,0.1534,0.1679,0.1702,0.1503,0.1266
MKS.L,Marks and Spencer Group PLC,Consumer Staples Distribution & Retail,LONDON STOCK EXCHANGE,0.17598,0.1091,0.16359,0.009399999999999999,0.099,0.1467,0.1479,0.1489,0.1726,0.1832,0.19949999999999998,0.2144,0.20173,0.22638999999999998,0.23896,0.21685,0.40319000000000005,0.46229,0.50627,0.27539
MBGn.DE,Mercedes-Benz Group AG,Automobiles,XETRA,0.16399,0.30920000000000003,0.1613,0.0594,0.06419,0.1127,0.17079999999999998,0.15289999999999998,0.17329999999999998,0.14722,0.2164,0.13419999999999999,0.1551,0.13501,-0.06299,0.038,0.12832000000000002,0.08974,0.08134999999999999,0.0725
TIGOsdb.ST,Millicom International Cellular SA,Wireless Telecommunication Services,NASDAQ STOCKHOLM AB,0.01626,0.0555,0.2572,-0.17129999999999998,0.06019,-0.0034999999999999996,0.0271,0.022000000000000002,0.0017000000000000001,0.0974,0.2353,0.3061,0.33030000000000004,0.21114999999999998,0.23091,0.34889000000000003,0.71475,0.49517000000000005,0.0305,0.6098
MOWI.OL,Mowi ASA,Food Products,OSLO BORS ASA,0.18928999999999999,0.22030000000000002,0.13570000000000002,0.09609999999999999,0.19366,0.2183,0.21109999999999998,0.1281,0.12619999999999998,0.18530000000000002,0.145,0.0369,0.2585,0.16771999999999998,0.11355,-0.26207,0.045410000000000006,0.22690000000000002,0.1215,-1.9625
MYCR.ST,Mycronic AB (publ),"Electronic Equipment, Instruments & Components",NASDAQ STOCKHOLM AB,0.2,0.1094,0.22449000000000002,0.2184,0.5742,0.3778,0.39,0.39280000000000004,0.358,0.22399999999999998,0.011699999999999999,0.07008,-0.040209999999999996,0.031,-0.14888,-0.03407,-0.20572,0.08702,0.1215,0.1286
NG.L,National Grid PLC,Multi-Utilities,LONDON STOCK EXCHANGE,0.10481,0.0875,0.10119,0.0965,0.11699999999999999,0.1076,0.1051,0.162,0.187,0.1834,0.182,0.21109999999999998,0.19979,0.2635,0.33770000000000006,0.26715,0.26335000000000003,0.3429,0.43284999999999996,0.8301999999999999
NWG.L,NatWest Group PLC,Banks,LONDON STOCK EXCHANGE,0.121,0.1012,0.0981,0.0159,0.12118999999999999,0.08109999999999999,0.0687,0.0492,0.0735,0.0731,-0.0482,0.027999999999999997,0.008199999999999999,0.00299,-0.02993,-0.06704,0.10668,0.14938,0.14389,0.14679999999999999
NEKG.DE,Nemetschek SE,Software,XETRA,0.23039,0.615,0.2896,0.2576,0.3267,0.3221,0.3515,0.2577,0.2395,0.2503,0.2163,0.1772,0.214,0.2884,0.1689,0.15854,0.24725000000000003,0.26331,0.21594999999999998,0.1527
NESTE.HE,Neste Oyj,"Oil, Gas & Consumable Fuels",NASDAQ HELSINKI LTD,0.2634,0.3053,0.18269,0.2075,0.2896,0.2565,0.2109,0.2327,0.2536,0.1471,0.1808,0.0718,0.06739,0.06315,0.024569999999999998,0.22274999999999998,0.25508,0.34020000000000006,0.5111,0.5539999999999999
NESN.S,Nestle SA,Food Products,SIX SWISS EXCHANGE,0.3271,0.27309,0.24960000000000002,0.2452,0.23620000000000002,0.2051,0.1741,0.1654,0.154,0.21789999999999998,0.16269999999999998,0.1802,0.15990000000000001,0.2027,0.21319,0.3289,0.19888999999999998,0.17903,0.17446,0.1765
NXT.L,Next PLC,Broadline Retail,LONDON STOCK EXCHANGE,0.59939,0.65579,0.8109000000000001,0.5197999999999999,1.8488,1.1393,1.1918,1.5452000000000001,2.1041,2.04603,1.9343000000000001,1.9659,1.8791,2.1924,2.7253,7.80387,6.4265,1.48822,1.177,1.4069999999999998
NIBEb.ST,Nibe Industrier AB,Building Products,NASDAQ STOCKHOLM AB,0.17300000000000001,0.1753,0.16699000000000003,0.145,0.12279999999999999,0.14800000000000002,0.13699999999999998,0.149,0.18,0.166,0.16699999999999998,0.158,0.19899999999999998,0.23477,0.1868,0.21523,0.22231,0.3031,0.1893,0.33640000000000003
NDAFI.HE,Nordea Bank Abp,Banks,NASDAQ HELSINKI LTD,0.1606,0.11281000000000001,0.1166,0.071,0.07769999999999999,0.0933,0.09300000000000001,0.11872999999999999,0.122,0.11599999999999999,0.11,0.1177,0.106,0.11349999999999999,0.10358,0.15279,0.19216999999999998,0.2224,0.1765,0.1547
NOVN.S,Novartis AG,Pharmaceuticals,SIX SWISS EXCHANGE,0.27039,0.21030000000000001,0.22690000000000002,0.2348,0.18469999999999998,0.1562,0.1528,0.1489,0.1594,0.17579999999999998,0.17309999999999998,0.1882,0.1956,0.185,0.1557,0.16417,0.14374,0.18780999999999998,0.19014,0.179
NOVOb.CO,Novo Nordisk A/S,Pharmaceuticals,NASDAQ COPENHAGEN A/S,0.8806999999999999,0.72,0.7123999999999999,0.6970000000000001,0.7118899999999999,0.76,0.802,0.82233,0.79896,0.639,0.6053999999999999,0.5489999999999999,0.45952,0.39624000000000004,0.30134,0.29603999999999997,0.27356,0.22341999999999998,0.21660000000000001,0.1955
NSISb.CO,Novozymes A/S,Chemicals,NASDAQ COPENHAGEN A/S,0.42210000000000003,0.2865,0.2729,0.2489,0.2755,0.2845,0.271,0.261,0.247,0.226,0.213,0.21899999999999997,0.21899999999999997,0.23600000000000002,0.20477,0.26084,0.29688,0.25296,0.2217,0.19390000000000002
OMVV.VI,Omv AG,"Oil, Gas & Consumable Fuels",WIENER BOERSE AG AMTLICHER HANDEL (OFFICIAL MARKET),0.14859,0.29600000000000004,0.1564,0.0941,0.1464,0.13788,0.14550000000000002,0.0874,0.09836,0.09720000000000001,0.11,0.13,0.1066,0.13019999999999998,0.06412,0.17642,0.1618,0.16293,0.18136,0.19399999999999998
ORAN.PA,Orange SA,Diversified Telecommunication Services,EURONEXT - EURONEXT PARIS,0.0832,0.06689,0.001,0.1637,0.09589,0.0975,0.0968,0.0953,0.1025,0.051500000000000004,0.11230000000000001,0.1306,0.147,0.17349,0.18635000000000002,0.15767,0.22242,0.1534,0.2475,0.1751
ORNBV.HE,Orion Oyj,Pharmaceuticals,NASDAQ HELSINKI LTD,0.24100000000000002,0.42210000000000003,0.26199,0.29109,0.2582,0.2716,0.3421,0.40299999999999997,0.375,0.41100000000000003,0.40299999999999997,0.4132,0.43316000000000004,0.4075,0.3448,0.32078,0.32645,0.345,0.247,0.16265000000000002
ORK.OL,Orkla ASA,Food Products,OSLO BORS ASA,0.13269,0.1359,0.1363,0.1358,0.125,0.1104,0.1003,0.0873,0.0678,0.0652,0.0802,0.0622,0.07651,0.0731,0.053360000000000005,0.08539,0.1625,0.16568000000000002,0.1666,0.1492
PKN.WA,Orlen SA,"Oil, Gas & Consumable Fuels",WARSAW STOCK EXCHANGE/EQUITIES/MAIN MARKET,0.1821,0.37469,0.2186,0.0818,0.1204,0.11689999999999999,0.1986,0.2091,0.16503,-0.02017,0.0322,0.09880000000000001,0.03573,0.11663,0.06873,0.07122,0.10529,0.11299,0.1609,0.22219999999999998
PSON.L,Pearson PLC,Diversified Consumer Services,LONDON STOCK EXCHANGE,0.0989,0.08810000000000001,0.06269,0.051390000000000005,0.10169,0.1283,0.10529999999999999,0.0891,0.09224,0.0926,0.09939999999999999,0.11643,0.12050000000000001,0.12567,0.12037,0.10339000000000001,0.09896,0.08703,0.0791,0.0227
PNN.L,Pennon Group PLC,Water Utilities,LONDON STOCK EXCHANGE,0.01435,0.016,0.0649,0.0806,0.18539999999999998,0.17809999999999998,0.1352,0.1438,0.14400000000000002,0.1585,0.21789999999999998,0.1642,0.21178999999999998,0.20882,0.21108000000000002,0.21481000000000003,0.21081,0.15541,0.14898,0.0786
PSN.L,Persimmon PLC,Household Durables,LONDON STOCK EXCHANGE,0.07669,0.2235,0.22309,0.20190000000000002,0.26530000000000004,0.28,0.2687,0.2439,0.2281,0.1793,0.1253,0.08771000000000001,0.0594,0.04152,0.0014199999999999998,0.054299999999999994,0.18896000000000002,0.21292999999999998,0.22260000000000002,0.2502
PKO.WA,Powszechna Kasa Oszczednosci Bank Polski SA,Banks,WARSAW STOCK EXCHANGE/EQUITIES/MAIN MARKET,0.316,0.0911,0.121,0.11789,0.0999,0.0993,0.0901,0.09140000000000001,0.0901,0.12330999999999999,0.13,0.1577,0.1723,0.15397,0.1341,0.25949,0.26207,0.22384,0.18960000000000002,0.2089
PSPN.S,PSP Swiss Property AG,Real Estate Management & Development,SIX SWISS EXCHANGE,0.06509000000000001,0.0461,0.0461,0.06469,0.05,0.0433,0.05551999999999999,0.0446,0.0418,0.046,0.07200000000000001,0.106,0.048,0.09699999999999999,0.08434,0.048620000000000003,0.026099999999999998,0.04002,0.061059999999999996,0.0951
PUBP.PA,Publicis Groupe SA,Media,EURONEXT - EURONEXT PARIS,0.1819,0.17679999999999998,0.1603,0.1418,0.16670000000000001,0.1689,0.1727,0.15542,0.15662,0.1483,0.16813,0.1659,0.1653,0.17363,0.16139,0.19541,0.20867999999999998,0.2118,0.205,0.21896000000000002
PUMG.DE,Puma SE,"Textiles, Apparel & Luxury Goods",XETRA,0.12140000000000001,0.14880000000000002,0.1532,0.043890000000000005,0.1467,0.11259999999999999,0.0815,0.037599999999999995,0.02314,0.0417,0.0868,0.1547,0.1539,0.18512,0.14849,0.19966,0.24412,0.27354,0.40095,0.5600999999999999
QIA.DE,Qiagen NV,Life Sciences Tools & Services,XETRA,0.13109,0.1668,0.2084,0.1885,0.12869999999999998,0.12050000000000001,0.11470000000000001,0.1024,0.0958,0.08989000000000001,0.1013,0.09910000000000001,0.0933,0.09342,0.1066,0.09664999999999999,0.11391,0.13877,0.14627,0.14679999999999999
QQ.L,QinetiQ Group PLC,Aerospace & Defense,LONDON STOCK EXCHANGE,0.17905000000000001,0.15199,0.1222,0.1389,0.1365,0.1464,0.1705,0.2422,0.3081,0.284,0.2548,0.2369,0.17942,0.19936,0.15372,0.16483,0.16192,0.16423,0.17686,0.24393
RAND.AS,Randstad NV,Professional Services,EURONEXT - EURONEXT AMSTERDAM,0.16940000000000002,0.2121,0.1685,0.10278999999999999,0.17379999999999998,0.19079999999999997,0.1802,0.17219,0.1696,0.1479,0.1305,0.1301,0.139,0.1257,0.08441000000000001,0.27741,0.42467,0.54323,0.4637,0.4435
RAAG.DE,Rational AG,Machinery,XETRA,0.305,0.2903,0.2173,0.1522,0.3527,0.3575,0.34814999999999996,0.33759999999999996,0.3653,0.37979999999999997,0.38420000000000004,0.4199,0.3613,0.37994999999999995,0.3547,0.47899,0.5322399999999999,0.52903,0.43687,0.35
RKT.L,Reckitt Benckiser Group PLC,Household Products,LONDON STOCK EXCHANGE,0.2597,0.2912,0.2494,0.2526,0.2052,0.1705,0.2052,0.287,0.2724,0.25579999999999997,0.311,0.3332,0.33759999999999996,0.36619999999999997,0.35344000000000003,0.39444,0.42578000000000005,0.42235,0.38939999999999997,0.3725
RECI.MI,Recordati Industria Chimica e Farmaceutica SpA,Pharmaceuticals,ELECTRONIC SHARE MARKET,0.24079,0.21329,0.2905,0.2869,0.34119,0.3139,0.2991,0.26769,0.23990999999999998,0.21649000000000002,0.1961,0.1887,0.19899999999999998,0.20013999999999998,0.21724,0.24015,0.22408999999999998,0.21486,0.23379999999999998,0.221
REDE.MC,Redeia Corporacion SA,Electric Utilities,BOLSA DE MADRID,0.11130000000000001,0.13439,0.11779,0.16219,0.1894,0.2183,0.2234,0.20653,0.20812999999999998,0.30333,0.26804,0.25920000000000004,0.2681,0.25483,0.22957999999999998,0.22535,0.21847999999999998,0.20168,0.19219999999999998,0.1517
REL.L,RELX PLC,Professional Services,LONDON STOCK EXCHANGE,0.5959,0.5596,0.63369,0.7386,0.8043899999999999,0.7151000000000001,0.6998000000000001,0.66667,0.6249,0.5396,0.5126,0.5112,0.5152,0.53497,0.56697,0.46448999999999996,0.30878,0.21241,0.1283,0.154
RENA.PA,Renault SA,Automobiles,EURONEXT - EURONEXT PARIS,0.0751,-0.012,0.0341,-0.2699,-0.004,0.09609999999999999,0.16010000000000002,0.11642,0.10761,0.0799,0.0635,0.06505,0.09029999999999999,0.07429999999999999,-0.19553,0.027530000000000002,0.12374,0.1404,0.1642,0.20498999999999998
RTO.L,Rentokil Initial PLC,Commercial Services & Supplies,LONDON STOCK EXCHANGE,0.14259,0.15919,0.28129000000000004,0.2671,0.29100000000000004,0.27261,0.396,0.738,0.96512,-2.2183,-0.8366,-1.08,-1.10513,-0.9562900000000001,-0.6831900000000001,-44.05555999999999,-0.63497,-0.25528,-0.2505,-0.4457
REP.MC,Repsol SA,"Oil, Gas & Consumable Fuels",BOLSA DE MADRID,0.1946,0.2792,0.1149,0.0265,0.07349,0.0775,0.0789,0.06479,0.03236,0.06191,0.06069,0.07690000000000001,0.1076,0.10705,0.07814,0.1341,0.15896000000000002,0.17937999999999998,0.2079,0.1384
RHMG.DE,Rheinmetall AG,Aerospace & Defense,XETRA,0.1746,0.1794,0.13519,-0.013500000000000002,0.1707,0.18359999999999999,0.1272,0.13531,0.1157,0.0152,0.0222,0.1377,0.1533,0.1387,0.14044,0.12311,0.14544,0.13244999999999998,0.13663999999999998,0.12710000000000002
RIO.L,Rio Tinto PLC,Metals & Mining,LONDON STOCK EXCHANGE,0.22440000000000002,0.26129,0.3446,0.28859999999999997,0.259,0.1993,0.2054,0.13308999999999999,0.10859999999999999,0.20190000000000002,0.2211,0.18719999999999998,0.2807,0.27381,0.14368999999999998,0.42265,0.31994,0.42353,0.34979999999999994,0.1963
ROG.S,Roche Holding AG,Pharmaceuticals,SIX SWISS EXCHANGE,0.5209,0.625,0.5602,0.5031,0.5984,0.5912,0.52399,0.5572,0.5732,0.6342,0.7290000000000001,0.8758,0.9711,1.3015,1.3301699999999999,0.16723,0.19498000000000001,0.18075,0.15459,0.14532
ROCKb.CO,Rockwool A/S,Building Products,NASDAQ COPENHAGEN A/S,0.1445,0.10980000000000001,0.13519,0.1195,0.14300000000000002,0.14929,0.1329,0.1148,0.06847,0.087,0.09,0.09,0.07,0.06192,0.04046,0.12756,0.28475,0.17104,0.1199,0.09390000000000001
RR.L,Rolls-Royce Holdings PLC,Aerospace & Defense,LONDON STOCK EXCHANGE,-0.2364,-0.029670000000000002,0.00126,0.613,-0.13570000000000002,0.13,0.18510000000000001,0.1606,0.1895,0.20422,0.2288,0.20686,0.21100000000000002,0.18434999999999999,0.19355,0.21974,0.19318000000000002,0.24539000000000002,0.23721,0.0917
ROR.L,Rotork PLC,Machinery,LONDON STOCK EXCHANGE,0.20781,0.19489,0.17518999999999998,0.19399,0.215,0.2262,0.20629999999999998,0.22454999999999997,0.2299,0.322,0.3601,0.3835,0.3901,0.3757,0.38534,0.43282,0.41021,0.36927,0.33079000000000003,0.3299
RBREW.CO,Royal Unibrew A/S,Beverages,NASDAQ COPENHAGEN A/S,0.20079999999999998,0.35159999999999997,0.3914,0.36939999999999995,0.3803,0.3635,0.29,0.27,0.25,0.25,0.28,0.28,0.27,0.244,0.04917,0.02459,0.13384000000000001,0.19813,0.1978,0.16469999999999999
RS1R.L,RS Group PLC,Trading Companies & Distributors,LONDON STOCK EXCHANGE,0.14932,0.24449,0.24019,0.17550000000000002,0.2568,0.3057,0.2862,0.2487,0.153,0.1583,0.19219999999999998,0.18239999999999998,0.24212,0.24498999999999999,0.16991,0.20287,0.21993,0.16454999999999997,0.14131,0.2195
RYA.I,Ryanair Holdings PLC,Passenger Airlines,IRISH STOCK EXCHANGE - ALL MARKET,0.2892,0.25527,-0.0473,-0.21789999999999998,0.1274,0.2259,0.3262,0.3282,0.32539999999999997,0.2368,0.1586,0.17306000000000002,0.16053,0.13811,0.11191000000000001,0.0426,0.19077000000000002,0.17715,0.16182,0.1689
SAABb.ST,Saab AB,Aerospace & Defense,NASDAQ STOCKHOLM AB,0.10865,0.08369,0.08669,0.1189,0.0993,0.081,0.10289999999999999,0.08710000000000001,0.115,0.099,0.063,0.113,0.18100000000000002,0.07198,0.06507,0.15537,0.13959,0.13321,0.13424,0.1434
SAF.PA,Safran SA,Aerospace & Defense,EURONEXT - EURONEXT PARIS,0.18449000000000002,0.1013,0.0603,0.0683,0.2191,0.1779,0.2139,0.297,0.24486,0.19033,0.1913,0.18112999999999999,0.1362,0.1173,0.08638,0.06111,0.09005,0.0383,0.08349999999999999,0.11230000000000001
SGE.L,Sage Group PLC,Software,LONDON STOCK EXCHANGE,0.23466,0.20973,0.18100000000000002,0.1895,0.21829,0.2822,0.3106,0.313,0.3259,0.3,0.23170000000000002,0.16516999999999998,0.1672,0.1606,0.15886,0.16424,0.17082,0.17797999999999997,0.1805,0.18030000000000002
SPMI.MI,Saipem SpA,Energy Equipment & Services,ELECTRONIC SHARE MARKET,0.08019,-0.11609,-1.17819,-0.30829,0.04128999999999999,0.0059,0.0034000000000000002,0.0542,-0.21295000000000003,0.0412,-0.08257999999999999,0.1784,0.2101,0.22097999999999998,0.26550999999999997,0.28696,0.29896999999999996,0.20997,0.16088000000000002,0.1379
SAMPO.HE,Sampo Oyj,Insurance,NASDAQ HELSINKI LTD,0.163,0.13118,0.2121,0.0032,0.0975,0.13369999999999999,0.1788,0.1414,0.1483,0.14279999999999998,0.138,0.1475,0.1166,0.13383,0.0842,0.10919000000000001,0.55286,0.2048,0.2429,0.2463
SAND.ST,Sandvik AB,Machinery,NASDAQ STOCKHOLM AB,0.18869,0.1898,0.1957,0.1787,0.2192,0.243,0.314,0.191,0.1895,0.1696,0.153,0.26306,0.262,0.20806000000000002,-0.08853,0.22455999999999998,0.31974,0.29788,0.25056999999999996,0.1975
SASY.PA,Sanofi SA,Pharmaceuticals,EURONEXT - EURONEXT PARIS,0.138,0.1458,0.1247,0.12050000000000001,0.12710000000000002,0.1166,0.1204,0.12643000000000001,0.12912,0.12119999999999999,0.11710000000000001,0.14404999999999998,0.1609,0.18170000000000003,0.17579,0.15743000000000001,0.15706,0.1528,0.1434,0.2101
SPL1.WA,Santander Bank Polska SA,Banks,WARSAW STOCK EXCHANGE/EQUITIES/MAIN MARKET,0.15039999999999998,0.10400000000000001,0.047,0.044000000000000004,0.08460000000000001,0.11900000000000001,0.122,0.1106,0.151,0.12596,0.17422,0.16670000000000001,0.16949999999999998,0.15524,0.14901,0.17514,0.22654,0.20184000000000002,0.15919,0.1585
SAPG.DE,SAP SE,Software,XETRA,0.19039999999999999,0.1208,0.2316,0.2114,0.20489000000000002,0.1912,0.20579999999999998,0.18789999999999998,0.21100000000000002,0.2351,0.2661,0.2685,0.2994,0.29549,0.2776,0.32398000000000005,0.30640999999999996,0.31296,0.2876,0.3125
SATG_p.DE,Sartorius AG,Life Sciences Tools & Services,XETRA,0.16690000000000002,0.4033,0.483,0.3222,0.2699,0.2585,0.24050000000000002,0.24170000000000003,0.2346,0.1925,0.1848,0.19640000000000002,0.1764,0.1419,-0.026000000000000002,0.01853,0.1198,0.18292000000000003,0.1564,0.1325
SCHP.S,Schindler Holding AG,Machinery,SIX SWISS EXCHANGE,0.20879999999999999,0.1744,0.2231,0.22829999999999998,0.24780000000000002,0.2773,0.2736,0.3037,0.2667,0.2759,0.16440000000000002,0.267,0.21321,0.266,0.25912,0.3,0.11877,0.24028,0.22308,0.24239999999999998
SCHN.PA,Schneider Electric SE,Electrical Equipment,EURONEXT - EURONEXT PARIS,0.1567,0.1591,0.15130000000000002,0.12390000000000001,0.13849,0.12619999999999998,0.11800000000000001,0.10532,0.10444,0.10507999999999999,0.11757999999999999,0.12451000000000001,0.13803,0.14272,0.09909000000000001,0.15744999999999998,0.16532,0.15247,0.1258,0.07339999999999999
SDR.L,Schroders PLC,Capital Markets,LONDON STOCK EXCHANGE,0.11444000000000001,0.111,0.16719,0.1448,0.1515,0.1686,0.1898,0.17225000000000001,0.1813,0.17190000000000003,0.16260000000000002,0.1426,0.17064000000000001,0.13856,0.09591,0.12673,0.1909,0.15883,0.13817000000000002,0.0768
SCOR.PA,Scor SE,Insurance,EURONEXT - EURONEXT PARIS,0.18100000000000002,-0.0524,0.07269,0.0374,0.0695,0.094,0.044500000000000005,0.095,0.1,0.099,0.115,0.091,0.077,0.102,0.09502000000000001,0.08918,0.1528,0.12689999999999999,0.0858,0.07658000000000001
SEBF.PA,SEB SA,Household Durables,EURONEXT - EURONEXT PARIS,0.1213,0.10269,0.16629000000000002,0.12369,0.1691,0.0216,0.2167,0.15332,0.1264,0.11561,0.15380000000000002,0.15081,0.18469999999999998,0.17778,0.12925,0.15945,0.17017,0.10830000000000001,0.1377,0.19940000000000002
SECTb.ST,Sectra AB,Health Care Technology,NASDAQ STOCKHOLM AB,0.29892,0.31539,0.31856,0.3325,0.3072,0.2983,0.3417,0.2778,0.21719999999999998,0.1893,0.163,0.0857,0.1001,-0.016399999999999998,0.02856,0.08699,0.09345,0.09388,0.1316,0.1411
SECUb.ST,Securitas AB,Commercial Services & Supplies,NASDAQ STOCKHOLM AB,0.18009,0.17089,0.19739,0.15699,0.20199999999999999,0.23440000000000003,0.2045,0.217,0.2304,0.2263,0.2299,0.22288,0.2368,0.26335000000000003,0.24013,0.26829000000000003,0.17294,0.19994,0.20315999999999998,0.13
SGRO.L,Segro PLC,Industrial REITs,LONDON STOCK EXCHANGE,0.0358,0.0235,0.1206,0.0321,0.0371,0.038900000000000004,0.0395,0.0398,0.043,0.048799999999999996,0.0574,0.059699999999999996,0.0519,0.04752,0.03988,0.04845,0.04046,0.039060000000000004,0.043550000000000005,0.060899999999999996
SRP.L,Serco Group PLC,Commercial Services & Supplies,LONDON STOCK EXCHANGE,0.16809000000000002,0.1764,0.18170000000000003,0.16899,0.15929000000000001,0.16949999999999998,0.0694,0.13269999999999998,0.524,-1.3241999999999998,0.174,0.1961,0.2157,0.2324,0.20765999999999998,0.18213000000000001,0.20247,0.26036000000000004,0.30103,0.12300000000000001
SESFd.PA,SES SA,Media,EURONEXT - EURONEXT PARIS,0.0529,-0.006999999999999999,0.0821,-0.0149,0.04809,0.0482,0.0932,0.08957000000000001,0.1485,0.20638,0.2022,0.243,0.2701,0.29027000000000003,0.30012,0.27569,0.17398,0.1335,0.1114,0.09949999999999999
SVT.L,Severn Trent PLC,Water Utilities,LONDON STOCK EXCHANGE,0.15560000000000002,0.1307,0.2,0.2107,0.28859,0.3194,0.29710000000000003,0.2964,0.2809,0.2713,0.22039999999999998,0.2202,0.20325,0.24492999999999998,0.30807,0.20192,0.17819,0.12647,0.12053000000000001,0.0779
SGSN.S,SGS SA,Professional Services,SIX SWISS EXCHANGE,1.131,0.7659999999999999,0.6154999999999999,0.439,0.4029,0.4165,0.3749,0.32811999999999997,0.2953,0.2748,0.3012,0.30269999999999997,0.2741,0.27881,0.29154,0.29435,0.27785,0.28888,0.2785,0.2354
SHEL.AS,Shell PLC,"Oil, Gas & Consumable Fuels",EURONEXT - EURONEXT AMSTERDAM,0.14984,0.22649,0.11789,0.028399999999999998,0.0855,0.10890000000000001,0.0875,0.041100000000000005,0.0637,0.1281,0.1099,0.1404,0.18030000000000002,0.13108,0.08468,0.22297,0.21008,0.23904,0.2707,0.2034
SIKA.S,Sika AG,Chemicals,SIX SWISS EXCHANGE,0.19510000000000002,0.2484,0.27289,0.25730000000000003,0.3153,0.27149999999999996,0.204,0.2064,0.188,0.1957,0.1698,0.1464,0.1189,0.1863,0.14223,0.18145,0.25183,0.1957,0.14974,0.1352
SEBa.ST,Skandinaviska Enskilda Banken AB,Banks,NASDAQ STOCKHOLM AB,0.17898,0.138,0.13919,0.10220000000000001,0.1325,0.1351,0.1267,0.1204,0.1285,0.1276,0.13119999999999998,0.11220000000000001,0.1175,0.06772,0.01118,0.12516,0.18916,0.2032,0.15536,0.1358
SKFb.ST,SKF AB,Machinery,NASDAQ STOCKHOLM AB,0.15836,0.09352,0.18809,0.1231,0.161,0.2366,0.2212,0.1574,0.2498,0.2357,0.2297,0.24144,0.30472,0.29318,0.09430999999999999,0.237,0.24208,0.22817,0.19848,0.1864
SN.L,Smith & Nephew PLC,Health Care Equipment & Supplies,LONDON STOCK EXCHANGE,0.13779,0.13169,0.13089,0.10830000000000001,0.17829,0.18510000000000001,0.192,0.1855,0.19010000000000002,0.1838,0.1748,0.19204999999999997,0.2228,0.26414000000000004,0.26617999999999997,0.28051,0.24059999999999998,0.21834,0.2759,0.2591
SMIN.L,Smiths Group PLC,Industrial Conglomerates,LONDON STOCK EXCHANGE,0.15821,0.1354,0.10586000000000001,0.15460000000000002,0.142,0.15539999999999998,0.1646,0.20670000000000002,0.21925,0.2544,0.23562999999999998,0.29454,0.30968,0.29542,0.30152,0.30926,0.26791,0.22768999999999998,0.25721,0.26239999999999997
SRG.MI,Snam SpA,Gas Utilities,ELECTRONIC SHARE MARKET,0.1547,0.15849,0.2194,0.18289000000000002,0.17859000000000003,0.1659,0.1482,0.14429999999999998,0.15939,0.16378,0.154,0.1693,0.16709,0.19041,0.12835000000000002,0.14972,0.12268000000000001,0.11674,0.1069,0.091
SOGN.PA,Societe Generale SA,Banks,EURONEXT - EURONEXT PARIS,0.0262,0.076,0.096,-0.0039700000000000004,0.0407,0.0642,0.0463,0.078,0.079,0.073,0.084,0.073,0.0693,0.08839000000000001,0.01607,0.06351,0.03124,0.17079999999999998,0.1833,0.1606
EXHO.PA,Sodexo SA,"Hotels, Restaurants & Leisure",EURONEXT - EURONEXT PARIS,0.1862,0.20268999999999998,0.1844,0.1168,0.0848,0.19768999999999998,0.09390000000000001,0.22820000000000001,0.21,0.25702,0.1047,0.17489999999999997,0.1885,0.1721,0.16405999999999998,0.17517,0.16820000000000002,0.1561,0.1388,0.11599999999999999
SOON.S,Sonova Holding AG,Health Care Equipment & Supplies,SIX SWISS EXCHANGE,0.25670000000000004,0.2801,0.2516,0.24420000000000003,0.2214,0.18899999999999997,0.1855,0.1827,0.183,0.20199999999999999,0.203,0.2005,0.1754,0.177,0.25276,0.29265,0.30142,0.3181,0.31846,0.2432
SXS.L,Spectris PLC,"Electronic Equipment, Instruments & Components",LONDON STOCK EXCHANGE,0.15029,0.1275,0.128,0.1016,0.1523,0.159,0.1523,0.1494,0.1446,0.1679,0.20512,0.24875,0.258,0.21239,0.12161,0.22519999999999998,0.23656,0.19760000000000003,0.18029,0.12869999999999998
SPX.L,Spirax Group PLC,Machinery,LONDON STOCK EXCHANGE,0.1978,0.2551,0.2682,0.2232,0.24609000000000003,0.2676,0.2864,0.2734,0.2527,0.25129999999999997,0.2535,0.23431000000000002,0.2487,0.24547999999999998,0.17268,0.22097,0.22183,0.22072,0.20867999999999998,0.1882
SSE.L,SSE PLC,Electric Utilities,LONDON STOCK EXCHANGE,0.1754,0.2075,0.1514,0.20329,0.20489999999999997,0.159,0.2563,0.2741,0.3025,0.43200000000000005,0.3786,0.2218,0.21600000000000003,0.25029,0.30325,0.32016,0.327,0.32375,0.3127,0.2828
SJP.L,St James's Place PLC,Capital Markets,LONDON STOCK EXCHANGE,0.34979999999999994,0.34470999999999996,0.3471,0.25420000000000004,0.18129,0.34049999999999997,0.1366,0.1033,0.19190000000000002,0.1962,0.2281,0.14867,0.16890999999999998,0.6262,0.49111,0.14119,0.41009,0.26800999999999997,0.1534,0.183
STAN.L,Standard Chartered PLC,Banks,LONDON STOCK EXCHANGE,0.07200000000000001,0.05884,0.0461,0.022799999999999997,0.049100000000000005,0.04,0.0311,0.0023,-0.0036,0.0774,0.11199999999999999,0.128,0.1167,0.12909,0.11993000000000001,0.14941000000000002,0.14627,0.15836,0.1711,0.17800000000000002
STLAM.MI,Stellantis NV,Automobiles,ELECTRONIC SHARE MARKET,0.24199,0.26269,0.35119,0.0687,0.16140000000000002,0.2217,0.17559999999999998,0.10289,0.0255,0.05223,0.0166,0.0666,0.0362,0.046799999999999994,-0.04732,0.16595,0.18325,0.10952,0.1856,-0.23929999999999998
STMMI.MI,STMicroelectronics NV,Semiconductors & Semiconductor Equipment,ELECTRONIC SHARE MARKET,0.28699,0.3616,0.22649999999999998,0.14279999999999998,0.15460000000000002,0.2024,0.1704,0.05628999999999999,0.0341,0.050199999999999995,-0.035,-0.042199999999999994,0.0524,0.1013,-0.10978,-0.033780000000000004,0.07732,0.08532999999999999,0.044500000000000005,0.0782
STERV.HE,Stora Enso Oyj,Paper & Forest Products,NASDAQ HELSINKI LTD,0.0197,0.1235,0.1258,0.0436,0.08689999999999999,0.1605,0.1182,0.1008,0.1268,0.099,0.0588,0.045279999999999994,0.08251,0.11071,0.029900000000000003,0.02145,0.10067,0.057,0.0281,0.045599999999999995
STB.OL,Storebrand ASA,Insurance,OSLO BORS ASA,0.12925,0.0788,0.09970000000000001,0.0819,0.07639,0.1282,0.09960000000000001,0.0933,0.0636,0.1066,0.121,0.075,0.0579,0.10491,0.054450000000000005,-0.12588,0.11603999999999999,0.16618,0.1429,0.2575
STMN.S,Straumann Holding AG,Health Care Equipment & Supplies,SIX SWISS EXCHANGE,0.23879999999999998,0.28800000000000003,0.33520000000000005,0.20329999999999998,0.2636,0.2369,0.324,0.371,0.2157,0.231,0.1775,0.1152,0.1431,0.19699999999999998,0.24955,0.31138,0.31207999999999997,0.30585999999999997,0.34954,0.3538
SCAb.ST,Svenska Cellulosa Aktiebolaget SCA,Paper & Forest Products,NASDAQ STOCKHOLM AB,0.0366,0.07519999999999999,0.08369,0.0318,0.0529,0.0965,0.0361,0.11,0.1268,0.126,0.1,0.12050000000000001,0.0925,0.09286,0.08840999999999999,0.08481999999999999,0.11584,0.09368,0.0786,0.0718
SHBa.ST,Svenska Handelsbanken AB,Banks,NASDAQ STOCKHOLM AB,0.159,0.125,0.1106,0.1,0.11900000000000001,0.128,0.1158,0.12269999999999999,0.127,0.1272,0.138,0.146,0.133,0.12859,0.12329000000000001,0.16234,0.15425,0.19893,0.17894,0.1586
UHR.S,Swatch Group AG,"Textiles, Apparel & Luxury Goods",SIX SWISS EXCHANGE,0.0719,0.06860000000000001,0.0682,-0.0046,0.06459,0.0755,0.06607,0.0536,0.102,0.14,0.212,0.185,0.168,0.165,0.13279,0.15473,0.19638999999999998,0.17283,0.1383,0.12390000000000001
SWECb.ST,Sweco AB (publ),Construction & Engineering,NASDAQ STOCKHOLM AB,0.162,0.17933,0.1978,0.19429,0.2138,0.204,0.2261,0.18,0.129,0.3407,0.23199999999999998,0.285,0.25645,0.19870000000000002,0.18468,0.35838000000000003,0.33299999999999996,0.29523,0.34671,0.23600000000000002
SWEDa.ST,Swedbank AB,Banks,NASDAQ STOCKHOLM AB,0.183,0.12955,0.13169,0.08800000000000001,0.1423,0.161,0.1585,0.166,0.1386,0.1533,0.147,0.14400000000000002,0.122,0.08066000000000001,-0.11721999999999999,0.1407,0.18655999999999998,0.19063,0.2347,0.183
SLHN.S,Swiss Life Holding AG,Insurance,SIX SWISS EXCHANGE,0.10800000000000001,0.1149,0.0768,0.064,0.07879,0.07200000000000001,0.06909,0.07139999999999999,0.07,0.07502,0.08199999999999999,0.009000000000000001,0.073,0.076,0.03857,-0.16272999999999999,0.14501,0.11807000000000001,0.11909,0.1033
SPSN.S,Swiss Prime Site AG,Real Estate Management & Development,SIX SWISS EXCHANGE,0.0449,0.04089,0.08199999999999999,0.1058,0.11460000000000001,0.0625,0.0645,0.0562,0.061,0.059000000000000004,0.0556,0.061,0.077,0.054000000000000006,0.058179999999999996,0.05394,0.14631,0.07361,0.060469999999999996,0.049100000000000005
SRENH.S,Swiss Re AG,Insurance,SIX SWISS EXCHANGE,0.2228,0.026000000000000002,0.0567,0.078,0.0254,0.013600000000000001,0.01,0.106,0.13699999999999998,0.105,0.13699999999999998,0.134,0.09561,0.0341,0.02169,-0.03303,0.13265000000000002,0.16499,0.08194000000000001,0.13140000000000002
SCMN.S,Swisscom AG,Diversified Telecommunication Services,SIX SWISS EXCHANGE,0.15019,0.1458,0.1805,0.1666,0.19559,0.1923,0.22158999999999998,0.273,0.2539,0.2965,0.316,0.4177,0.3922,0.2887,0.30083,0.29846,0.39451,0.28094,0.28600000000000003,0.256
SYDB.CO,Sydbank A/S,Banks,NASDAQ COPENHAGEN A/S,0.2376,0.149,0.11699999999999999,0.0705,0.0779,0.102,0.1293,0.127,0.10098000000000001,0.09300000000000001,0.018000000000000002,0.057300000000000004,0.048150000000000005,0.044020000000000004,0.09597,0.08792,0.26215,0.26714,0.19870000000000002,0.1744
TATE.L,Tate & Lyle PLC,Food Products,LONDON STOCK EXCHANGE,0.18539000000000003,0.1432,0.17120000000000002,0.20079,0.18838999999999997,0.1409,0.1741,0.1881,0.16399999999999998,0.17739999999999997,0.25129999999999997,0.261,0.2703,0.24086,0.21524000000000001,0.17728000000000002,0.19949000000000003,0.22946000000000003,0.21009,0.17379999999999998
TW.L,Taylor Wimpey PLC,Household Durables,LONDON STOCK EXCHANGE,0.07730000000000001,0.16018999999999997,0.15769,0.061500000000000006,0.2027,0.2183,0.2188,0.20980000000000001,0.18359999999999999,0.1503,0.1012,0.0781,0.059500000000000004,0.011930000000000001,-0.07381,-0.03696,0.08715,0.13899,0.15727,0.171
TEL2b.ST,Tele2 AB,Wireless Telecommunication Services,NASDAQ STOCKHOLM AB,0.1723,0.21406,0.14669000000000001,0.3398,0.1065,0.0727,0.16510000000000002,0.061900000000000004,0.0843,0.131,0.0962,0.156,0.19479,0.24035,0.15911,0.12512,-0.059640000000000006,0.03163,0.06860000000000001,0.061500000000000006
TLIT.MI,Telecom Italia SpA,Diversified Telecommunication Services,ELECTRONIC SHARE MARKET,-0.05299,-0.05339000000000001,0.01159,0.0579,0.0483,0.07,0.0524,0.10269,0.0393,0.0767,0.084,0.11349999999999999,0.1015,0.11397,0.060919999999999995,0.08224000000000001,0.0696,0.1112,0.1346,0.0588
ERICb.ST,Telefonaktiebolaget LM Ericsson,Communications Equipment,NASDAQ STOCKHOLM AB,0.13117,0.17385,0.2473,0.22920000000000001,0.22,0.0337,0.038900000000000004,0.0833,0.1368,0.1101,0.0968,0.08234,0.10671,0.12933999999999998,0.11581,0.12897999999999998,0.17062999999999998,0.23504999999999998,0.26,0.2696
TEL.OL,Telenor ASA,Diversified Telecommunication Services,OSLO BORS ASA,0.10400000000000001,0.35649000000000003,0.3116,0.4459,0.2965,0.2487,0.3247,0.2559,0.1045,0.2173,0.0527,0.21969999999999998,0.12294000000000001,0.09503,0.13612,0.16882000000000003,0.22210999999999997,0.26271,0.1434,0.127
TEPRF.PA,Teleperformance SE,Professional Services,EURONEXT - EURONEXT PARIS,0.1523,0.1889,0.20010000000000003,0.13019,0.16719,0.1512,0.16329999999999997,0.11662,0.1193,0.10044,0.10619999999999999,0.10369999999999999,0.0837,0.1018,0.08384,0.11527,0.11528000000000001,0.1201,0.1446,0.1306
TELIA.ST,Telia Company AB,Diversified Telecommunication Services,NASDAQ STOCKHOLM AB,0.1051,0.08429,0.09029,-0.28550000000000003,0.0926,0.1063,0.1032,0.1328,0.1575,0.16820000000000002,0.1702,0.17925000000000002,0.15259999999999999,0.16271000000000002,0.13928000000000001,0.14160999999999999,0.13874,0.12897999999999998,0.08868999999999999,0.1058
TEMN.S,Temenos AG,Software,SIX SWISS EXCHANGE,0.37520000000000003,0.39520000000000005,0.55799,0.5178,0.6868899999999999,0.6364,0.4587,0.3851,0.33880000000000005,0.2658,0.2138,0.16760000000000003,0.1463,0.15556,0.2723,0.33875999999999995,0.41481,0.29136,0.19719,0.20550000000000002
TENR.MI,Tenaris SA,Energy Equipment & Services,ELECTRONIC SHARE MARKET,0.255,0.19739,0.0947,-0.001,0.0625,0.0753,0.0398,0.00121,0.026099999999999998,0.19041,0.13137000000000001,0.1552,0.1305,0.11869999999999999,0.12775,0.32932,0.28557,0.40055999999999997,0.3969,0.3395
TRN.MI,Terna Rete Elettrica Nazionale SpA,Electric Utilities,ELECTRONIC SHARE MARKET,0.15429,0.15839,0.1744,0.18350000000000002,0.1845,0.1807,0.18760000000000002,0.20225,0.2047,0.18048999999999998,0.1794,0.1674,0.1685,0.17737999999999998,0.14151999999999998,0.14756,0.18856,0.18039000000000002,0.16269999999999998,0.1081
TSCO.L,Tesco PLC,Consumer Staples Distribution & Retail,LONDON STOCK EXCHANGE,0.14523,0.11720000000000001,0.12089,0.0717,0.1268,0.10310000000000001,0.1013,0.06837,0.0354,0.0702,0.16510000000000002,0.16799,0.16820000000000002,0.18495999999999999,0.15943,0.1736,0.18902999999999998,0.17957,0.1746,0.16760000000000003
TCFP.PA,Thales SA,Aerospace & Defense,EURONEXT - EURONEXT PARIS,0.2525,0.2279,0.2348,0.17739999999999997,0.26539999999999997,0.2137,0.1971,0.1332,0.19222,0.1475,0.1728,0.13454,0.0816,-0.012270000000000001,0.06913,0.1429,0.20384,0.17648,0.18030000000000002,0.15902
TIETO.HE,Tietoevry Oyj,IT Services,NASDAQ HELSINKI LTD,0.14009,0.1438,0.2051,0.1551,0.12439,0.27440000000000003,0.2701,0.2444,0.2434,0.2519,0.2202,0.16712,0.1406,0.162,0.16905,0.23242000000000002,0.1308,0.1531,0.2692,0.1714
TOM.OL,Tomra Systems ASA,Machinery,OSLO BORS ASA,0.10708000000000001,0.1726,0.20550000000000002,0.14759,0.16199000000000002,0.1531,0.139,0.17920000000000003,0.1821,0.1654,0.1531,0.19908,0.2107,0.163,0.13487,0.1478,0.15042,0.1997,0.0323,0.0655
TTEF.PA,TotalEnergies SE,"Oil, Gas & Consumable Fuels",EURONEXT - EURONEXT PARIS,0.20289000000000001,0.324,0.16768999999999998,0.0368,0.10179,0.11939999999999999,0.10060000000000001,0.087,0.11506,0.13470000000000001,0.1174,0.1754,0.1779,0.18214,0.14812,0.29106000000000004,0.28102,0.2849,0.3321,0.2798
TPK.L,Travis Perkins PLC,Trading Companies & Distributors,LONDON STOCK EXCHANGE,0.046790000000000005,0.0922,0.10099,0.0398,0.10980000000000001,0.1025,0.09720000000000001,0.10525999999999999,0.11220000000000001,0.11199999999999999,0.10460000000000001,0.10272,0.10311,0.09185,0.09169000000000001,0.14004,0.18386,0.18236999999999998,0.19991,0.2349
TRELb.ST,Trelleborg AB,Machinery,NASDAQ STOCKHOLM AB,0.254,0.1424,0.12210000000000001,0.10359,0.109,0.1174,0.1124,0.1192,0.153,0.14768,0.1325,0.1294,0.1389,0.09545999999999999,0.03334,0.11405,0.12990000000000002,0.07556,0.1241,0.10949999999999999
TRYG.CO,Tryg A/S,Insurance,NASDAQ COPENHAGEN A/S,0.1082,0.049,0.0975,0.2278,0.24280000000000002,0.149,0.22829999999999998,0.259,0.18899999999999997,0.22899999999999998,0.215,0.221,0.1276,0.07474,0.20774,0.09269,0.22713999999999998,0.33965,0.28300000000000003,0.2547
UBSG.S,UBS Group AG,Capital Markets,SIX SWISS EXCHANGE,0.005699999999999999,0.11699999999999999,0.1241,0.115,0.0863,0.09480000000000001,0.1,0.061,0.11800000000000001,0.075,0.067,0.0483,0.083,0.159,-0.06671,-0.45838,-0.09734,0.23376999999999998,0.21562,0.247
UCB.BR,Ucb SA,Pharmaceuticals,EURONEXT - EURONEXT BRUSSELS,0.08849,0.058600000000000006,0.1566,0.14189,0.1457,0.149,0.159,0.10656,0.07801,0.0681,0.0764,0.0814,0.0716,0.053079999999999995,0.05119,0.06521,0.06464,0.0821,0.16920000000000002,0.183
UMI.BR,Umicore SA,Chemicals,EURONEXT - EURONEXT BRUSSELS,0.1246,0.179,0.2353,0.125,0.1199,0.1478,0.1463,0.13137000000000001,0.14461000000000002,0.1142,0.12716,0.161,0.1913,0.18606999999999999,0.06445000000000001,0.15529,0.18033000000000002,0.21899999999999997,0.1318,0.1411
URW.PA,Unibail-Rodamco-Westfield SE,Retail REITs,EURONEXT - EURONEXT PARIS,0.0821,0.0757,0.0558,0.04650000000000001,0.06570000000000001,0.0702,0.0661,0.0665,0.0674,0.0757,0.0741,0.0722,0.0732,0.0759,0.0739,0.052160000000000005,0.04797,0.054299999999999994,0.0666,0.0735
CRDI.MI,UniCredit SpA,Banks,ELECTRONIC SHARE MARKET,0.149,0.10339999999999999,0.0644,0.0209,0.07969,0.0529,0.0782,-0.2805,0.03928,0.04173,-0.0762,0.013600000000000001,0.019,0.027000000000000003,0.02851,0.07148,0.12481999999999999,0.13122999999999999,0.12165,0.1414
ULVR.L,Unilever PLC,Personal Care Products,LONDON STOCK EXCHANGE,0.3549,0.3636,0.4225,0.45909999999999995,0.54429,0.5051,0.42119999999999996,0.3378,0.3582,0.2667,0.32567,0.31010000000000004,0.28661000000000003,0.33557000000000003,0.33270000000000005,0.34574,0.31097,0.3342,0.446,0.4545
UU.L,United Utilities Group PLC,Water Utilities,LONDON STOCK EXCHANGE,0.09959,-0.0032,0.13369,0.11380000000000001,0.14150000000000001,0.1249,0.1056,0.1134,0.1266,0.1523,0.1492,0.1465,0.13997,0.15018,0.26759,0.16585999999999998,0.14006,0.18663,0.18072,0.1165
UPM.HE,UPM-Kymmene Oyj,Paper & Forest Products,NASDAQ HELSINKI LTD,0.062,0.12029,0.1192,0.075,0.1127,0.1294,0.11900000000000001,0.10880000000000001,0.121,0.083,0.064,0.05,0.067,0.07851,0.00868,0.03379,0.0722,0.0679,0.0351,0.037200000000000004
VLOF.PA,Valeo SE,Automobile Components,EURONEXT - EURONEXT PARIS,0.059800000000000006,0.061200000000000004,0.0506,-0.2773,0.068,0.1215,0.2351,0.25244,0.26530000000000004,0.21953,0.1981,0.21059999999999998,0.23440000000000003,0.2482,-0.12409,-0.13168,0.04584,0.07200000000000001,0.0784,0.1213
VIE.PA,Veolia Environnement SA,Multi-Utilities,EURONEXT - EURONEXT PARIS,0.1075,0.048490000000000005,0.056600000000000004,0.0636,0.10490000000000001,0.10060000000000001,0.0816,0.07422,0.06974999999999999,0.039599999999999996,0.02913,0.0084,0.0388,0.0784,0.08403000000000001,0.08464,0.15886,0.12390000000000001,0.11699999999999999,0.06471
VERB.VI,Verbund AG,Electric Utilities,WIENER BOERSE AG AMTLICHER HANDEL (OFFICIAL MARKET),0.26280000000000003,0.2518,0.1499,0.10419,0.114,0.066,0.054000000000000006,0.084,0.047,0.0449,0.121,0.1,0.08439999999999999,0.129,0.20667000000000002,0.23666,0.2332,0.26126,0.19326000000000002,0.15259999999999999
VWS.CO,Vestas Wind Systems A/S,Electrical Equipment,NASDAQ COPENHAGEN A/S,0.0254,-0.4035,0.03549,0.1925,0.2205,0.2205,0.2837,0.326,0.25869,0.201,-0.052000000000000005,-0.12480000000000001,-0.062,0.10366,0.17212,0.29444,0.2095,0.09974999999999999,-0.18030000000000002,0.122
SGEF.PA,Vinci SA,Construction & Engineering,EURONEXT - EURONEXT PARIS,0.174,0.17449,0.11869999999999999,0.0601,0.1646,0.1613,0.1597,0.15045999999999998,0.13702999999999999,0.17213,0.1444,0.1462,0.1512,0.18100000000000002,0.16271999999999998,0.18565,0.17427,0.17,0.195,0.2022
VIS.MC,Viscofan SA,Food Products,BOLSA DE MADRID,0.1497,0.15949,0.17039,0.1609,0.24859,0.312,0.1698,0.18658000000000002,0.19858,0.19399,0.19902,0.22164999999999999,0.2366,0.21647,0.19818000000000002,0.17161,0.16377,0.12041,0.0809,0.0895
VTYV.L,Vistry Group PLC,Household Durables,LONDON STOCK EXCHANGE,0.09300000000000001,0.11509,0.12140000000000001,0.067,0.13029,0.129,0.0947,0.1225,0.1394,0.1246,0.0766,0.054939999999999996,0.03233,0.02,0.00787,0.01633,0.12394,0.14896,0.1434,0.2018
VOD.L,Vodafone Group PLC,Wireless Telecommunication Services,LONDON STOCK EXCHANGE,0.032799999999999996,0.0537,0.0579,0.0408,0.026600000000000002,0.0223,0.046,0.028999999999999998,0.0204,0.0215,0.0653,0.10371000000000001,0.09179999999999999,0.09864,0.09373,0.11234,0.09221,0.0814,0.06361,0.0635
VOES.VI,voestalpine AG,Metals & Mining,WIENER BOERSE AG AMTLICHER HANDEL (OFFICIAL MARKET),0.0548,0.1449,0.20899,0.0077,-0.0369,0.0632,0.12628,0.0346,0.1114,0.1048,0.08779999999999999,0.091,0.0711,0.1164,0.02587,0.12391,0.20731000000000002,0.27338,0.22211999999999998,0.1834
VOWG_p.DE,Volkswagen AG,Automobiles,XETRA,0.09390000000000001,0.096,0.1155,0.067,0.1117,0.1047,0.1127,0.057,-0.0178,0.12210000000000001,0.1097,0.2992,0.1663,0.16820000000000002,0.02721,0.13712,0.13991,0.07722000000000001,0.04835,0.028300000000000002
VOLVb.ST,Volvo AB,Machinery,NASDAQ STOCKHOLM AB,0.287,0.24678999999999998,0.2146,0.142,0.2641,0.2584,0.2026,0.149,0.184,0.0605,0.0542,0.1457,0.231,0.15577,-0.198,0.11877,0.17571,0.19606,0.17529,0.1315
WALLb.ST,Wallenstam AB,Real Estate Management & Development,NASDAQ STOCKHOLM AB,0.03966,0.05639,0.08960000000000001,0.023799999999999998,0.04,0.0275,0.01,0.0009,0.0252,0.0406,0.0199,0.0535,0.0152,0.02643,0.02137,0.04523,0.02714,0.29429,0.10069,0.5852
WDPP.BR,Warehouses de Pauw NV,Industrial REITs,EURONEXT - EURONEXT BRUSSELS,0.0741,0.060700000000000004,0.06860000000000001,0.0783,0.08269,0.0953,0.107,0.11192,0.13163,0.11801,0.1219,0.1223,0.1286,0.10573,0.09278,0.10059,0.08879,0.09621,0.1273,0.10332000000000001
WRT1V.HE,Wartsila Oyj Abp,Machinery,NASDAQ HELSINKI LTD,0.16196000000000002,0.12859,0.10550000000000001,0.08220000000000001,0.12960000000000002,0.1938,0.1807,0.1796,0.21489999999999998,0.2266,0.2255,0.2073,0.1875,0.29419,0.2903,0.30111,0.20509,0.17559999999999998,0.1618,0.10099999999999999
WEIR.L,Weir Group PLC,Machinery,LONDON STOCK EXCHANGE,0.1753,0.16140000000000002,0.13279,0.1182,0.12269000000000001,0.1369,0.134,0.10369999999999999,0.1257,0.20379999999999998,0.22210000000000002,0.263,0.27690000000000003,0.25428,0.17354,0.20303000000000002,0.17925999999999997,0.20274999999999999,0.17376000000000003,0.1537
WBSV.VI,Wienerberger AG,Construction Materials,WIENER BOERSE AG AMTLICHER HANDEL (OFFICIAL MARKET),0.13779,0.2553,0.165,0.11439,0.14199,0.08997999999999999,0.07489,0.0461,0.018000000000000002,0.0026,-0.021,-0.0073,-0.0087,-0.02656,-0.012310000000000001,0.05771,0.1226,0.14047,0.13637,0.1501
WIHL.ST,Wihlborgs Fastigheter AB,Real Estate Management & Development,NASDAQ STOCKHOLM AB,0.0762,0.0546,0.047990000000000005,0.0771,0.09269999999999999,0.0724,0.092,0.1011,0.1226,0.057,0.163,0.1159,0.12300000000000001,0.09589,0.11553000000000001,0.08691,0.11007,0.06483,0.182,0.1525
WLSNc.AS,Wolters Kluwer NV,Professional Services,EURONEXT - EURONEXT AMSTERDAM,0.5514,0.44805999999999996,0.39299,0.37479999999999997,0.3233,0.2977,0.2703,0.2427,0.2547,0.2561,0.3011,0.3094,0.2817,0.31432,0.36432000000000003,0.31793,0.30124,0.27974,0.28745,0.1313
WPP.L,WPP PLC,Media,LONDON STOCK EXCHANGE,0.29079,0.30149000000000004,0.2255,0.1445,0.13390000000000002,0.1444,0.16329999999999997,0.17300000000000001,0.1624,0.15,0.15259999999999999,0.14729,0.1386,0.11843999999999999,0.09332000000000001,0.12896000000000002,0.14071999999999998,0.11026999999999999,0.1032,0.0756
YAR.OL,Yara International ASA,Chemicals,OSLO BORS ASA,0.0349,0.3565,0.15939,0.1011,0.0962,0.051399999999999994,0.054400000000000004,0.0707,0.1258,0.1436,0.1348,0.2293,0.25156,0.13019999999999998,0.08886,0.44847000000000004,0.27152,0.28558,0.2622,0.3675
ZURN.S,Zurich Insurance Group AG,Insurance,SIX SWISS EXCHANGE,0.16899,0.1427,0.1366,0.10460000000000001,0.1272,0.131,0.0943,0.1039,0.0559,0.11648,0.1202,0.11800000000000001,0.11900000000000001,0.1131,0.10833,0.11445999999999999,0.20354,0.18001,0.14934,0.1258
