Identifier,Company Name,GICS Industry Name,Exchange Name,2004,2005,2006,2007,2008,2009,2010,2011,2012,2013,2014,2015,2016,2017,2018,2019,2020,2021,2022,2023
ANSS.OQ,ANSYS Inc,Software,NASDAQ/NGS (GLOBAL SELECT MARKET),,,,,,44.015231099505,40.4246542738642,55.2874219239166,51.8545850669461,52.9524271821541,51.234187677693,55.8111473895431,53.5454728927837,43.3052492755554,45.5184808237488,58.0096757378807,60.8623570116912,58.8638169143334,58.9971027943601,56.5297590320381
ASMI.AS,ASM International NV,Semiconductors & Semiconductor Equipment,EURONEXT - EURONEXT AMSTERDAM,,,,,,,,,,49.5510085358252,51.0989162404077,47.3894725365573,64.3301234525469,62.0623400362848,66.5572899984598,63.5415258897752,62.0882740854605,63.2451543383973,69.0647428789691,70.8030213350162
ASML.AS,ASML Holding NV,Semiconductors & Semiconductor Equipment,EURONEXT - EURONEXT AMSTERDAM,51.4162965461667,41.3023540091209,53.2690265350721,53.9922878683794,57.4872215391326,57.8575635454518,63.1220102635195,60.1159387840569,59.5289724896618,55.8413448584938,64.6991559983802,60.5273666713485,62.4773754325075,70.0568208265092,75.3117361950107,78.2649316493349,75.3988812461111,76.6404210205783,75.1360879262803,74.3456039513625
ACN.N,Accenture PLC,IT Services,"NEW YORK STOCK EXCHANGE, INC.",43.2489576807587,32.4375890452306,37.341561981106,55.4673257957187,69.071627255889,72.6574775378903,78.3129439583643,74.2094105345249,71.701227408967,72.9108497320474,72.5482858483479,86.8493126422653,78.8057802863872,81.6888441600677,83.2695429745692,81.1826707873447,79.9592265124259,80.9316962650954,82.1529276463384,81.4273560779692
ADBE.OQ,Adobe Inc,Software,NASDAQ/NGS (GLOBAL SELECT MARKET),56.078432824328,49.6539448591259,46.4097840701635,52.3473563235166,55.9338534927804,57.1317838987435,51.0102333925202,52.6118045689539,71.575130668212,68.6046252063682,74.0585202014267,70.261748087117,75.0652024433827,78.6135950826455,78.5795726376914,78.8229011116629,65.9664581528856,74.6196317864237,75.5981532299879,70.3975930566196
AMD.OQ,Advanced Micro Devices Inc,Semiconductors & Semiconductor Equipment,NASDAQ/NGS (GLOBAL SELECT MARKET),36.8415284323492,43.5139744551697,46.2190650595519,37.8910834080637,67.8432843333152,66.9501677821984,64.8597125309428,67.3695019963743,64.9137840309992,65.7813713207677,65.9292495382716,63.7096645484602,80.1271524061359,71.7274758472636,70.761698926001,68.3460748889787,67.0847209404432,65.7684815481892,71.0958948156696,67.6656277577858
6857.T,Advantest Corp,Semiconductors & Semiconductor Equipment,TOKYO STOCK EXCHANGE,38.1161989739656,44.5707762413073,41.205917187106,55.7869763406199,65.587666215584,67.948843032227,71.9926248718074,67.3469370021827,70.5700610548185,69.9796838775584,70.1816031603572,72.5571365349567,72.1633816089957,73.4759681790674,76.4926599926345,79.72850625388,78.1221477981776,76.055235781746,71.5494469394106,68.7430161866534
AKAM.OQ,Akamai Technologies Inc,IT Services,NASDAQ/NGS (GLOBAL SELECT MARKET),,43.955710076857,35.7796202646907,38.8313903799458,20.9160412325289,21.8540651304274,26.1857414191078,31.6234125073192,26.1547577066025,42.3010677597765,42.6257232558361,48.2449744394519,58.0587241977242,65.3594960536758,61.3890468042617,51.8852667753773,56.8021948487212,63.0153538870773,74.2396674057193,70.4274661904899
APH.N,Amphenol Corp,"Electronic Equipment, Instruments & Components","NEW YORK STOCK EXCHANGE, INC.",23.826192129247,25.1448747119073,35.046197583511,19.450403585405,27.3848802028286,26.6017288769662,27.7034854370197,25.894438853282,23.1409621463978,22.2528751987305,29.8916855875543,22.9759490002897,57.12512027283,58.9059180670723,64.7408354521076,64.0929564826024,69.661254917824,70.901458630312,69.6063376374251,75.3621745274374
ADI.OQ,Analog Devices Inc,Semiconductors & Semiconductor Equipment,NASDAQ/NGS (GLOBAL SELECT MARKET),,28.3237518407281,43.1386995528246,44.54181393388,47.823962014224,78.7676574143516,74.4794087247735,75.8332848067883,71.4736778619043,79.8725366139633,77.2508058927006,74.5674378586484,69.8796945491776,71.8419514234517,76.7575577795304,72.0595840099283,72.951131547797,74.3024460633779,68.3981398511078,68.9043629739622
AAPL.OQ,Apple Inc,"Technology Hardware, Storage & Peripherals",NASDAQ/NGS (GLOBAL SELECT MARKET),,,51.7468919045658,44.975353646514,37.2803730571511,52.8189256206799,61.9335515995347,59.8853127051985,52.6378122002175,56.5544715637008,60.2998167054345,56.1742594117773,54.2146680994042,61.5580660504009,67.966002996612,71.1083321827924,68.9304278011879,76.8954413453158,82.214731912482,77.7315064321427
AMAT.OQ,Applied Materials Inc,Semiconductors & Semiconductor Equipment,NASDAQ/NGS (GLOBAL SELECT MARKET),42.2091070499114,43.347908616365,54.9519507943595,47.3444260492714,70.0360774131587,66.4398187761159,70.8542894602167,74.7677289760319,73.0117196467308,66.5014426055466,61.1572696845408,61.7707933167838,64.6695954787322,69.5552269434868,76.2641859263061,80.8956884708806,78.9681062864928,78.6650251255257,82.6632347308951,85.9076254765833
APP.OQ,Applovin Corp,Software,NASDAQ/NGS (GLOBAL SELECT MARKET),,,,,,,,,,,,,,,,,,,,
ANET.N,Arista Networks Inc,Communications Equipment,"NEW YORK STOCK EXCHANGE, INC.",,,,,,,,,,,,,24.8480761033511,32.1792385076853,40.5762258600793,43.4287688285114,60.0914631863483,62.5531674276059,59.6826592621877,56.8629072246309
AZPN.OQ,Aspen Technology Inc,Software,NASDAQ/NGS (GLOBAL SELECT MARKET),,,,,,,,,,,,,1.55767762454976,30.5784205208432,37.4042868430041,39.8580045895875,57.7079307726688,54.509055377942,56.7969682003901,56.227866731989
TEAM.OQ,Atlassian Corp,Software,NASDAQ/NGS (GLOBAL SELECT MARKET),,,,,,,,,,,,,,50.1248364970839,45.0708950657755,48.3146918900202,50.4443061144072,53.8629838530394,56.7024094342931,63.7897576401505
ADSK.OQ,Autodesk Inc,Software,NASDAQ/NGS (GLOBAL SELECT MARKET),33.6466990481429,19.2552007432696,37.315759999867,49.5844053748517,54.3754111074235,66.0272806234685,67.9861788282286,64.4610448767552,68.2282885032745,75.2067044634939,79.2050909952466,80.6841539985647,82.3149632352996,81.6715820455414,80.3306369223889,82.895414316141,81.4855687573971,81.7498645266478,79.6561777540068,79.9765240396721
BESI.AS,BE Semiconductor Industries NV,Semiconductors & Semiconductor Equipment,EURONEXT - EURONEXT AMSTERDAM,,,,,,,,,,,,,,60.393145332049,58.2651364420367,63.612761317307,66.2335244095861,63.28725386058,68.2877376226592,64.0746124550937
BC8G.DE,Bechtle AG,IT Services,XETRA,,,,,,,,,,,,,,,30.2833370280636,33.6288839219351,45.457145061524,48.6822330300104,62.8350883342866,68.9352794717229
BSY.OQ,Bentley Systems Inc,Software,NASDAQ/NGS (GLOBAL SELECT MARKET),,,,,,,,,,,,,,,,,,21.4854511040458,32.5533289639421,33.3533338554635
AVGO.OQ,Broadcom Inc,Semiconductors & Semiconductor Equipment,NASDAQ/NGS (GLOBAL SELECT MARKET),,,,,,,,22.8740052677265,32.1007591334477,29.8729139991936,32.6895043406554,31.8186834898315,32.1108927473497,38.4910606519945,31.8980618252045,35.334157206946,47.6230522250385,71.3909727568366,74.3320987440024,76.2995674078284
6448.T,Brother Industries Ltd,"Technology Hardware, Storage & Peripherals",TOKYO STOCK EXCHANGE,,,37.5267584267128,38.7842470652289,31.7020046810344,39.8770185231937,51.7262482825905,47.1571217652576,77.6487473916301,70.5241574841351,69.9265922655673,67.1647135247989,77.0600415690483,71.8225566618619,72.9719465027085,75.566377821728,76.8256043249592,79.018644382896,78.4999227216713,74.9011840407785
CDW.OQ,CDW Corp,"Electronic Equipment, Instruments & Components",NASDAQ/NGS (GLOBAL SELECT MARKET),,,,,,,,,,,,,48.8629651430061,54.9118853460986,41.8009697675596,33.5041474654378,44.7031659763071,55.2417743507208,55.3558331767508,51.5778497421788
GIBa.TO,CGI Inc,IT Services,TORONTO STOCK EXCHANGE,,11.5180173241032,18.7579962518499,14.9940502857455,30.5147851297492,41.395700399743,39.1282956805958,48.8087990783549,65.7013133014135,60.1187450115349,53.1375311387395,45.7971067119623,42.6417349094113,45.0008624074554,49.5546576522902,43.6198738017525,53.0373346941475,57.7188078355897,58.0615137313529,57.4683164101535
CDNS.OQ,Cadence Design Systems Inc,Software,NASDAQ/NGS (GLOBAL SELECT MARKET),,,43.2483369239982,50.654112414846,31.0447070643508,28.9074603255862,24.2749954756435,30.5754592565678,28.5047787179007,39.6037309978121,38.6496244429554,32.5418031754693,31.4813508072984,36.2884074828808,45.281582925175,45.9216239105324,74.0382108884965,86.7763614960047,75.3775943808586,76.6030259528031
7751.T,Canon Inc,"Technology Hardware, Storage & Peripherals",TOKYO STOCK EXCHANGE,45.0582000260112,41.1249740070701,63.8335268219221,56.5465645356207,61.7655194025596,63.279872273182,67.2252753946623,66.5640638518041,55.0175989236243,59.3907504195296,51.4962609493628,58.4005267616772,67.9707108563724,71.0529213713163,77.206588938781,81.3583237277034,80.8444484993827,80.0295740082354,83.4156534000388,76.0281890383816
CAPP.PA,Capgemini SE,IT Services,EURONEXT - EURONEXT PARIS,31.5098041896844,43.6574598280385,38.4103145846627,51.9457324245653,64.6135447167229,63.7086536780487,61.3346054143892,64.6499712190681,54.7841222001529,58.1713422903736,45.5717252840708,54.2046017389891,52.7531141091635,57.1425879076779,58.0526856713727,63.5570674352211,70.0920853833403,65.8561357913072,70.211961478731,66.5002010727266
CHKP.OQ,Check Point Software Technologies Ltd,Software,NASDAQ/NGS (GLOBAL SELECT MARKET),,,,,,49.8636152082732,50.414279834558,52.0258005724582,45.0071170648946,45.2624667394747,47.1551811756773,49.1827706483933,53.0836561274205,53.224803856173,49.2996632892986,51.0525276898364,49.1866573445196,68.7673932737593,68.412784783367,70.6441564461148
CSCO.OQ,Cisco Systems Inc,Communications Equipment,NASDAQ/NGS (GLOBAL SELECT MARKET),55.031390255256,80.3142243347873,84.6595398294569,76.782583345539,80.0789566666303,83.1225632908001,85.1718989531174,81.8806018615321,80.6382568322054,82.4772039707682,85.0627943456895,84.6713073741711,86.6650897789911,87.3812109796714,87.8951078060632,87.3169902232276,88.5470510755262,86.3688808206562,83.5429799401561,82.5150165496948
NET.N,Cloudflare Inc,IT Services,"NEW YORK STOCK EXCHANGE, INC.",,,,,,,,,,,,,,,,,26.3582743968385,30.6406486547247,48.1637948893947,42.3692342013069
CTSH.OQ,Cognizant Technology Solutions Corp,IT Services,NASDAQ/NGS (GLOBAL SELECT MARKET),56.6644302631711,47.668957585512,45.2288633025129,30.2876774091154,37.0925131916396,40.0533205075268,67.8449495034417,64.9662477246936,65.3784232993992,66.7138241632667,66.6827982870948,67.2335272379502,74.2054800555564,71.1635954702714,68.6538874031934,56.9565394831363,73.1446971617111,72.679532755483,79.6647045881013,73.4532628697424
CSU.TO,Constellation Software Inc,Software,TORONTO STOCK EXCHANGE,,,,,,,,,,9.29798139084355,6.37232916466921,16.2155636619498,16.9761207986807,13.5386092928466,15.994811283155,9.97822763477233,11.8206044298218,10.3164699551216,16.9972172375197,24.7204026861638
GLW.N,Corning Inc,"Electronic Equipment, Instruments & Components","NEW YORK STOCK EXCHANGE, INC.",38.7404352314095,40.1010625372771,67.0366149547827,70.8466008814787,63.9338834721592,68.7401590558966,63.0187933895332,53.9302012432417,50.2669291789597,51.4036837850337,48.5330944207421,50.3368114690058,61.2309104372884,57.1317427026898,55.6734497656934,55.3892404371739,56.4683656644073,65.2050521845069,63.3650817497822,63.6273277964587
CRWD.OQ,CrowdStrike Holdings Inc,Software,NASDAQ/NGS (GLOBAL SELECT MARKET),,,,,,,,,,,,,,,,,25.4302381373747,24.5484409464171,22.9735875594449,24.6910768621947
CYBR.OQ,Cyberark Software Ltd,Software,NASDAQ/NGS (GLOBAL SELECT MARKET),,,,,,,,,,,,,,,,34.245558889826,56.5863489454427,60.1690577733492,63.1010669440913,66.5715417362409
DAST.PA,Dassault Systemes SE,Software,EURONEXT - EURONEXT PARIS,45.3099234552433,43.0898107409474,45.1402748166698,65.5426883296673,53.0815159288547,56.3076151707655,44.400398478882,52.7556018129536,51.4973937750778,47.6435109357274,50.2727958511718,54.4911308144231,56.7771133638754,58.4173474791581,56.6201243725488,57.8546739784969,63.3286133994392,67.7984951829392,65.100237475096,62.5504060324661
DDOG.OQ,Datadog Inc,Software,NASDAQ/NGS (GLOBAL SELECT MARKET),,,,,,,,,,,,,,,,,13.0487951606115,19.14680578617,31.5747746315062,35.9510835298991
DELL.N,Dell Technologies Inc,"Technology Hardware, Storage & Peripherals","NEW YORK STOCK EXCHANGE, INC.",,,,,,,,,,,,,,50.228017470443,50.3661458368189,56.4849732903976,59.5669782175875,57.9170716283504,57.9638987721889,65.9002213647996
DSG.TO,Descartes Systems Group Inc,Software,TORONTO STOCK EXCHANGE,,,,,,,,,,28.9148389214024,46.8929964754541,45.6215646498602,50.8055180590745,48.980033740864,49.3103654838867,41.2654484765922,40.6666509674017,42.2138006436019,38.8858392111292,53.9295082728221
6146.T,Disco Corp,Semiconductors & Semiconductor Equipment,TOKYO STOCK EXCHANGE,,,,,,,,,,,,,,33.3903933336475,31.5122491868028,31.8298725622024,29.3153716503726,29.6448735970142,29.8529165948175,42.8419540958192
DOCU.OQ,DocuSign Inc,Software,NASDAQ/NGS (GLOBAL SELECT MARKET),,,,,,,,,,,,,,,22.4444933123524,23.7293838980167,39.6478641100974,46.8321468363322,46.1391246222538,36.3073002370765
DT.N,Dynatrace Inc,Software,"NEW YORK STOCK EXCHANGE, INC.",,,,,,,,,,,,,,,,,23.751457807309,45.076664963168,40.3068374163051,48.9380416239449
ENPH.OQ,Enphase Energy Inc,Semiconductors & Semiconductor Equipment,NASDAQ/NMS (GLOBAL MARKET),,,,,,,,,,,,,,,32.7415600497987,38.0054726757439,33.2165856117238,45.3660317627409,50.9948584296143,51.9340006817778
ENTG.OQ,Entegris Inc,Semiconductors & Semiconductor Equipment,NASDAQ/NGS (GLOBAL SELECT MARKET),,,,,,,,,,,,,49.0453741267653,47.190171943961,49.6658887924926,45.9260557214458,46.0884937771805,44.4340017400371,49.9640500096039,45.9282123406297
EPAM.N,Epam Systems Inc,IT Services,"NEW YORK STOCK EXCHANGE, INC.",,,,,,,,,,,,,22.4452743260506,43.4891453977369,50.2930649638976,49.0630241267946,52.9485573640593,66.9649749066135,65.992913843187,54.6040623542404
FFIV.OQ,F5 Inc,Communications Equipment,NASDAQ/NGS (GLOBAL SELECT MARKET),,,,,,26.0985188682058,29.1645721322701,35.7103815884968,36.7004333862448,40.2138349827563,48.544246763652,39.1349879123087,46.2194942258643,52.3694493128138,62.1146049263578,66.8956549679369,73.1061692947872,76.0757302813096,69.4994217598674,68.2786544683792
FICO.N,Fair Isaac Corp,Software,"NEW YORK STOCK EXCHANGE, INC.",,,,,,,27.7771169722694,28.2052460049794,38.023881853955,25.1521145748386,33.2899089568643,29.054540559508,35.2682980702439,32.261964762001,34.7840496832124,40.1621964167483,44.2283042601565,35.4766606645649,40.3141306037708,43.9566639155497
FSLR.OQ,First Solar Inc,Semiconductors & Semiconductor Equipment,NASDAQ/NGS (GLOBAL SELECT MARKET),,,,11.9687075983718,17.3365777027671,27.187723928725,20.8972996545184,35.9041355912427,40.1609309753528,47.8938788954317,46.7939892605524,48.7244253940049,50.7545814204477,65.6430509931746,68.0524221977172,71.2351482364044,75.8165227116392,73.6539787085814,71.6752379368072,73.2236259441898
FTNT.OQ,Fortinet Inc,Software,NASDAQ/NGS (GLOBAL SELECT MARKET),,,,,,,38.3834217656321,26.7272892617471,31.0469959644671,24.604518117982,27.8407610974187,40.3386198897741,42.1468219967144,45.5372714027005,46.9546396091014,51.099140720457,60.051986993312,52.6393121975151,53.3383101958124,55.7332573210392
4901.T,Fujifilm Holdings Corp,"Technology Hardware, Storage & Peripherals",TOKYO STOCK EXCHANGE,44.208396347302,61.7483210976435,65.4306047473767,60.5514118944034,62.423001444217,65.9064146615442,62.0228788906464,70.7229901218323,64.7741039884762,56.1184031058862,54.8994968401569,60.9755838099409,61.8491150501589,56.600687012239,62.9481747410291,70.5803062872181,70.9869557661279,84.7168305987426,80.4621684939425,76.5131808260487
6702.T,Fujitsu Ltd,IT Services,TOKYO STOCK EXCHANGE,,84.3188472951233,65.4554208249225,76.2237016918221,75.3833317386879,78.8153783444843,63.9967314436357,69.8107228395862,70.6419108181361,64.2387330275326,62.4946804104287,65.0826209348588,76.8520102405856,78.2671879871892,76.1780176753385,77.4972714698965,75.3166408583734,75.1581978934819,82.7394517498849,81.8142750546093
IT.N,Gartner Inc,IT Services,"NEW YORK STOCK EXCHANGE, INC.",,,,,,,,43.2667555476431,35.0908688524163,42.1480835989126,41.3199393108043,41.1272513121544,41.2636846603896,44.1033333561346,46.7418995202772,54.9541056135443,64.1853084544222,65.3099243367796,72.2496459673173,75.3038183017824
GEN.OQ,Gen Digital Inc,Software,NASDAQ/NGS (GLOBAL SELECT MARKET),37.3315438943393,27.4331280123016,58.9740280213722,69.9780017043335,76.4061344657943,69.3990474989006,81.2306185451185,80.2172711894121,69.3133675943907,60.5578073674604,67.020709615811,69.3570279226698,64.9253993061345,73.8043557753613,78.6599711887274,73.0853945288323,81.6240638504224,78.5558521611099,71.8786183046174,76.6973771460984
GDDY.N,GoDaddy Inc,IT Services,"NEW YORK STOCK EXCHANGE, INC.",,,,,,,,,,,,,37.2643899279574,35.1038792403134,34.4965196995266,31.3158368397555,42.9369161706474,52.1113816347248,52.0739225257744,53.224221046394
HPQ.N,HP Inc,"Technology Hardware, Storage & Peripherals","NEW YORK STOCK EXCHANGE, INC.",49.3288197787778,63.2189639880698,82.416098776579,87.4137721530595,84.1441024650975,80.7163251593867,71.3517880177949,79.2887895249558,76.407743181032,72.9206635523055,73.2113770972811,71.9501289539728,70.4105316784485,73.6193221596907,76.991032277445,79.9398242754441,78.3664620952672,79.7146213799143,81.0426597054014,77.0548610917828
HLMA.L,Halma PLC,"Electronic Equipment, Instruments & Components",LONDON STOCK EXCHANGE,11.8161927338166,12.1052824922742,16.5264807761885,38.8616666796609,30.8211689155813,33.0934568118644,34.6169893495879,31.4370650760959,53.4881489016501,49.935147105448,44.9105655879455,46.2919117930148,57.9249466246045,50.4264904657079,52.8021613583661,56.0720352780416,60.6373895872427,59.6022567857213,60.8875429146719,56.9729211675894
6965.T,Hamamatsu Photonics KK,"Electronic Equipment, Instruments & Components",TOKYO STOCK EXCHANGE,,,,,,,22.6339413163697,21.204102759332,29.0553034290528,32.9590924417032,35.8869158863952,32.3721864323613,41.7384546609226,38.0079074018489,47.5847436678799,52.1521785090337,55.6901587684587,54.9730643415228,63.5965543316762,65.7258594289726
HPE.N,Hewlett Packard Enterprise Co,"Technology Hardware, Storage & Peripherals","NEW YORK STOCK EXCHANGE, INC.",,,,,,,,,,,,,70.1405482589071,67.5061446340276,68.3656872306885,66.6495779555501,70.7724069643865,76.3643924069525,75.9074617612874,74.9548921320461
HEXAb.ST,Hexagon AB,"Electronic Equipment, Instruments & Components",NASDAQ STOCKHOLM AB,,,24.4132135612865,25.4392446633825,27.6323572907424,38.5152676419986,39.8935269757742,40.176801339055,24.7499626809971,39.6073123225117,33.7006692599614,32.8312911556744,33.9415852547915,32.3192568432151,30.3404660305422,33.8114990921153,42.9768695643584,50.4932304395404,53.3040609574352,51.4951212342176
HUBS.N,HubSpot Inc,Software,"NEW YORK STOCK EXCHANGE, INC.",,,,,,,,,,,,38.155626518319,44.4040138877201,40.1973893258438,49.2034495213243,56.2025375083002,66.2771530504544,75.7752229532543,70.3775508097912,65.8332226062726
4062.T,Ibiden Co Ltd,"Electronic Equipment, Instruments & Components",TOKYO STOCK EXCHANGE,21.7908251033641,19.4098306756534,43.8600044264235,55.6838668131178,58.2773453851885,59.9088310490933,70.8705840005816,69.8648723047875,62.3950019622359,61.8005731308345,64.1022587789359,66.3185585674421,63.5201263677727,63.2279013716034,59.1252302052768,59.5903648873181,60.6777169922078,59.5156149359231,62.8873840093871,60.4122394294626
IFXGn.DE,Infineon Technologies AG,Semiconductors & Semiconductor Equipment,XETRA,42.3987035891798,33.2437403865975,41.1969472448486,49.764831011974,39.5109553140049,46.8133229401466,62.3600235280055,63.5908943787626,66.5238023297259,73.1745910882722,74.3082632214318,80.0226065431136,82.9912514112683,79.1579575403013,75.6772505952075,76.4286053188788,80.8475184449238,80.1601753454745,75.5834626377753,76.7295847461066
INTC.OQ,Intel Corp,Semiconductors & Semiconductor Equipment,NASDAQ/NGS (GLOBAL SELECT MARKET),43.0727630897477,51.0088935128884,76.8512833407132,79.8574817022949,72.5902296605343,91.2904576159153,94.931303704079,95.1623712533978,90.5025915088931,91.3083756252981,85.6951571224687,91.3875277287086,90.4158856072043,89.2499554879195,87.476448552276,87.8769828219429,88.3050311834092,88.0430856695726,85.14330125634,91.262903467691
IBM.N,International Business Machines Corp,IT Services,"NEW YORK STOCK EXCHANGE, INC.",76.5484715567279,63.1970956550035,69.1924381000775,61.8319951919906,76.6912116533299,70.9957579746392,69.4656211341483,77.2464889017829,71.0123298935295,72.0694845487921,78.7118553609673,72.9069017077015,80.8759799394548,76.0271140743783,77.1610116413656,84.8745894572094,73.7463483273376,71.5595981450718,73.6446799375113,73.4790965120213
INTU.OQ,Intuit Inc,Software,NASDAQ/NGS (GLOBAL SELECT MARKET),31.7528518546498,39.6802372615896,38.8077123326783,37.5237485783118,38.5925978635949,33.7606339631955,46.3291690472179,51.090680905866,71.8048360169708,62.1839143144695,64.3123550954215,69.930017538744,72.835647953138,77.7477157737315,79.0714647374483,87.0341329134566,80.1494431026001,77.9191340047258,73.9405574193933,82.1143068110257
JBL.N,Jabil Inc,"Electronic Equipment, Instruments & Components","NEW YORK STOCK EXCHANGE, INC.",29.9799704653905,25.8806247100664,33.8497169325784,38.8357431686026,38.5178310142842,57.3323761386973,53.984741118876,43.9967773103808,48.7514351376561,51.6077168131011,48.0898691466904,59.0585927857732,65.3214665462472,67.8167311352862,65.6305700878412,72.4801164978396,68.7228153408807,66.1001733090844,72.1670790694205,64.9702120956552
JNPR.N,Juniper Networks Inc,Communications Equipment,"NEW YORK STOCK EXCHANGE, INC.",,19.8374124598775,25.4640467330435,24.7327564124458,41.3865206022163,31.4117896970299,54.2666041216727,51.1986159582775,56.0278048081314,57.2289005136339,47.992523864417,44.9935452644621,57.8354104091986,59.415848609335,67.2832572033688,69.4260177981636,79.2550302371253,83.2713053811434,77.8174528294261,70.223086391413
KLAC.OQ,KLA Corp,Semiconductors & Semiconductor Equipment,NASDAQ/NGS (GLOBAL SELECT MARKET),9.68558044385443,21.7422824325988,22.3827087568279,16.0024248229959,39.6961477313231,35.5641202303593,33.0260770977168,42.6186009828135,49.2767353563116,55.2790120843017,59.5975993770289,58.7779584989037,54.3570170527575,58.3421761434688,55.1306619480213,52.5820702672689,55.7661282073319,58.3028993898128,57.0457896236944,55.0682014343149
6861.T,Keyence Corp,"Electronic Equipment, Instruments & Components",TOKYO STOCK EXCHANGE,18.5179537859414,16.4603469061129,17.3995918230932,20.2091986326739,5.54149085794656,5.12548507807447,12.2325605393506,8.60003618677136,10.640038488283,9.65358325412364,7.99902962322918,8.02464210550659,6.31548979811675,11.9173694114393,16.144516791244,15.9327258509689,18.4925633592046,22.4257645506657,33.1274388357232,30.8464285271421
KEYS.N,Keysight Technologies Inc,"Electronic Equipment, Instruments & Components","NEW YORK STOCK EXCHANGE, INC.",,,,,,,,,,,,64.7045665171568,73.6408526151912,76.7549852123879,74.1956501159643,75.3047618227837,72.5006312119945,71.7065012276881,69.9226086365534,70.5063303302708
6525.T,Kokusai Electric Corp,Semiconductors & Semiconductor Equipment,TOKYO STOCK EXCHANGE,,,,,,,,,,,,,,,,,,,,
6971.T,Kyocera Corp,"Electronic Equipment, Instruments & Components",TOKYO STOCK EXCHANGE,,82.4377173423933,82.4413542986421,79.8458924368341,73.7578111977695,78.3380010201929,74.3390863827662,70.3321873354533,77.304242506682,72.8276963562953,72.2643363842223,65.8925900387576,68.0166282637886,69.6829260033475,71.5942495172138,73.9872624306745,72.5870119511005,68.0930162427452,71.5186992161183,77.4990995309295
LRCX.OQ,Lam Research Corp,Semiconductors & Semiconductor Equipment,NASDAQ/NGS (GLOBAL SELECT MARKET),,21.4926760666671,23.8240760769422,22.2712419808442,18.9929169797129,14.8155233547781,22.4100965282134,38.6876697449348,34.3980291569392,49.2647448641592,48.0739936176204,52.7298167889831,58.0625146950492,63.8392655091328,65.0864525157949,68.2342096919497,73.849311203618,74.7088235661267,74.1314227365321,78.204006853663
6920.T,Lasertec Corp,Semiconductors & Semiconductor Equipment,TOKYO STOCK EXCHANGE,,,,,,,,,,,,,,,27.6144501917028,31.094585313636,29.9768642968688,43.4358838871554,45.8155632099794,42.7784478683497
LOGN.S,Logitech International SA,"Technology Hardware, Storage & Peripherals",SIX SWISS EXCHANGE,,31.835592891588,25.636798088411,25.4569643106509,25.1069012188379,25.6936385341042,28.2790745987949,27.9915228242436,25.9953936160891,26.8551466205656,26.547293820977,38.0634742409952,61.68467679712,65.6911770986545,64.3380756855005,68.7566747463291,71.7386573015063,79.5296479371616,77.9205552450444,78.1419717492099
MANH.OQ,Manhattan Associates Inc,Software,NASDAQ/NGS (GLOBAL SELECT MARKET),,,,,,,,,,,,,23.8723627980866,36.3295165403012,41.5297191323507,49.4946412874448,39.8889515355525,43.4143277867788,31.4642503426261,47.2079468673795
MRVL.OQ,Marvell Technology Inc,Semiconductors & Semiconductor Equipment,NASDAQ/NGS (GLOBAL SELECT MARKET),18.5623112372873,28.0659035367555,17.4239698260897,23.5053570018539,29.2618817202292,32.2466447919414,43.579383440459,40.6193160407338,32.11242414895,40.904888111015,36.6814682226916,45.8703810707999,41.1302382075664,34.5090148300613,45.173381728223,41.1282685346941,42.1734842857707,46.7140447625223,58.5263063920485,56.4211234450022
MCHP.OQ,Microchip Technology Inc,Semiconductors & Semiconductor Equipment,NASDAQ/NGS (GLOBAL SELECT MARKET),27.4356356331428,20.2704171762468,27.8933963305583,25.9384243548398,29.2417652618265,28.6206141884428,29.101053980222,63.290397698247,59.8079708047156,65.844975325078,67.1587128747256,63.2454517737206,64.8867471362996,66.5476626210318,67.7028448604088,64.7283024377687,63.664964994534,57.2218713007276,66.7983042240587,61.3147797292711
MU.OQ,Micron Technology Inc,Semiconductors & Semiconductor Equipment,NASDAQ/NGS (GLOBAL SELECT MARKET),23.9609301465188,28.7274539671472,27.348217540402,32.9540819336407,31.5579092489373,35.3587669293778,40.3494014809803,37.3135005516926,39.5289492493194,33.1637897024471,41.8878080209599,35.9758989338238,47.8091122578787,58.1554598166444,57.2903003897344,67.0336959384346,71.3934978495178,72.5925915047605,72.9542636804706,68.372018529885
MSFT.OQ,Microsoft Corp,Software,NASDAQ/NGS (GLOBAL SELECT MARKET),49.7289963492263,55.7981720277642,50.5082080963766,82.0561648257371,85.6857823223308,88.4736788898809,92.5964563370852,92.5305898620164,88.011511206242,92.282546935224,92.388173236897,92.8375022887709,91.2886149253839,90.6017182898486,93.061737832743,92.8324043399728,93.1783256146484,92.6262747249909,88.1226739323053,90.9746434628811
MSTR.OQ,Microstrategy Inc,Software,NASDAQ/NGS (GLOBAL SELECT MARKET),,,,,,,,,,,,,15.2937868188306,16.4491726604185,21.561333389451,20.2789103696637,21.3483783182881,23.020597939755,17.130192607901,15.1464649143716
MNDY.OQ,Monday.Com Ltd,Software,NASDAQ/NGS (GLOBAL SELECT MARKET),,,,,,,,,,,,,,,,,,,,
MDB.OQ,MongoDB Inc,IT Services,NASDAQ/NMS (GLOBAL MARKET),,,,,,,,,,,,,,,24.1089049025767,23.0279044474777,33.314008676893,37.1192472314612,45.6954656606521,47.070678361215
MPWR.OQ,Monolithic Power Systems Inc,Semiconductors & Semiconductor Equipment,NASDAQ/NGS (GLOBAL SELECT MARKET),,,,,,,,,,,,,25.4604939977281,28.2705708248126,24.5250508240917,19.6870380291814,32.7298733323462,34.8469692613617,,41.3721687658689
MSI.N,Motorola Solutions Inc,Communications Equipment,"NEW YORK STOCK EXCHANGE, INC.",35.1360220407856,46.9240146525491,52.7573384699364,53.498019058028,72.3200549098817,80.5215791358926,70.6542991253973,75.309998601708,62.090408438353,69.29783683537,72.6457654912418,73.6097338194275,79.0582677010852,79.4706496567504,79.1368081865789,78.1043255105709,80.7931072587443,82.1919484187572,85.3681479052519,81.517706802342
6981.T,Murata Manufacturing Co Ltd,"Electronic Equipment, Instruments & Components",TOKYO STOCK EXCHANGE,38.3422773191268,49.300080265362,45.3861548034921,52.1130499262145,52.5057602856991,65.1342630817276,61.2246891890568,65.4867149690965,58.5641305322794,57.8439360193712,62.3083588021052,65.0160030810671,62.8311555994422,59.6722980145578,57.3700643453019,64.6262057824267,67.6761355618317,85.0230464513567,80.1147315427177,80.3964837012442
6701.T,NEC Corp,IT Services,TOKYO STOCK EXCHANGE,51.544950840828,52.5542676868451,51.941119951745,61.5032373001967,65.0265292690537,74.1819259871292,56.5573541661197,60.93288029786,77.2174438466959,78.8413178582989,77.7566208127569,83.2572316485577,85.3197112253276,83.8835865219807,82.4731981267908,85.2096307309976,88.2463981168687,82.5809790497881,82.1966500648225,80.6416843030299
9613.T,NTT Data Group Corp,IT Services,TOKYO STOCK EXCHANGE,36.604323124085,25.0344090669418,31.053580977397,35.2526570521769,51.5838145416192,55.0971017573605,59.4374229839459,56.6589284726734,45.9959518963552,46.2164897155024,41.854606676989,39.9245983303554,38.0367089973333,45.7435417249385,47.2889914185076,47.436060323633,50.5166665863196,55.4503509045627,67.9791170124077,72.870261912993
NVDA.OQ,NVIDIA Corp,Semiconductors & Semiconductor Equipment,NASDAQ/NGS (GLOBAL SELECT MARKET),21.6079989042597,15.8080268842601,22.0484955235118,39.5661214786115,46.7320840467729,43.6696297555761,60.6981498277802,57.0155011719067,63.4779395128366,75.8774458755888,78.289599167793,74.4622534029113,73.309865963153,77.0165097199192,75.5202547670434,74.1660589304138,78.6294386354732,76.7858942975567,75.5129363395442,74.400742857631
NXPI.OQ,NXP Semiconductors NV,Semiconductors & Semiconductor Equipment,NASDAQ/NGS (GLOBAL SELECT MARKET),,,,,,,,,,45.7762116787397,52.838188611417,61.6890631969331,65.7071858218517,62.7679263850939,74.2232035483865,76.6164268935861,78.9606386006964,78.2521000148323,78.9618883390092,77.1084206129973
NEKG.DE,Nemetschek SE,Software,XETRA,,,,,,,,,,,,,,19.5030954136179,34.3946000997572,40.5731565940143,52.6047220870835,51.671159895193,57.6538187861982,58.9399483562698
NTAP.OQ,NetApp Inc,"Technology Hardware, Storage & Peripherals",NASDAQ/NGS (GLOBAL SELECT MARKET),20.6475582222497,14.929855572847,9.63271201595708,24.6818960896591,26.6954636448656,27.8180963814365,31.9705082847713,35.1315295370573,27.650012802643,33.4487317068023,26.1267320309655,51.8553325195148,47.9285065137523,56.2359475901345,57.3575536392497,54.2239295067006,55.1750576920749,65.4724111057686,67.0906466976803,64.0766696385809
NICE.TA,Nice Ltd,Software,TEL AVIV STOCK EXCHANGE,,,,,,,40.2594177395303,41.2424561015798,44.8623102625508,38.1498017668996,38.5136826866108,46.9366065539247,47.6224858361696,51.5866431506635,50.5090355177349,49.1721090479424,47.5671262613336,57.7688420960948,48.7768528463653,46.2177471326528
NOKIA.HE,Nokia Oyj,Communications Equipment,NASDAQ HELSINKI LTD,65.9314381270903,67.1911231884058,66.8051465125264,68.1122512308439,66.6379496462617,78.1723860112607,79.6692777728247,82.6035361377753,81.7439359267735,88.4135703029566,84.3744070000906,80.3044768313077,87.3219453991545,89.6619741484154,91.4235217957265,91.4005978425571,91.775081819715,91.8656683869514,87.1224828451792,83.8789218422878
4307.T,Nomura Research Institute Ltd,IT Services,TOKYO STOCK EXCHANGE,,46.7795824125405,54.0015721590131,50.1336025158075,51.3191573202558,53.830657367617,48.8404573533852,64.9729414159012,58.5170744150642,57.9203048912267,60.6655101683221,62.7579140080128,61.829258296563,63.0799505068938,71.3151685743143,68.2855648816295,56.9976280047474,60.8469611015006,62.5760528287252,61.4651263643645
ON.OQ,ON Semiconductor Corp,Semiconductors & Semiconductor Equipment,NASDAQ/NGS (GLOBAL SELECT MARKET),,,,,,52.9688593809002,59.431494139944,64.2381486962309,61.3557113027657,61.4673467790468,55.2810155147184,60.7314984336238,59.4449943638258,65.1401721654729,72.5231168252227,75.7249137391513,70.7153791348676,73.6439054739455,69.1466682100406,63.6573123885695
4684.T,Obic Co Ltd,IT Services,TOKYO STOCK EXCHANGE,,28.4785776102088,26.8532626123925,23.0653091930321,5.20676335466236,7.75488494951585,13.3158893377402,9.47345428011976,13.7541227530011,13.5669224636968,14.5417155049746,11.3479806310576,13.3060204794799,12.8800186742008,11.8930914533777,11.6892587015353,14.5520470176701,25.8236342668664,27.996203854578,32.7051523346792
OKTA.OQ,Okta Inc,IT Services,NASDAQ/NGS (GLOBAL SELECT MARKET),,,,,,,,,,,,,,19.1046003892852,23.8803201801768,19.9551435077595,32.0725887420602,32.1531606622826,34.9908835177324,36.4603857460152
6645.T,Omron Corp,"Electronic Equipment, Instruments & Components",TOKYO STOCK EXCHANGE,44.1715078643955,48.095197033577,66.8513930645993,65.2983204268644,66.6295851424854,76.876190174542,81.154288008961,79.0849288591501,74.1522212038249,64.8325466147769,64.2660033116532,65.7695239975511,65.686552484239,62.7468217841218,61.9357892078362,84.9095846662864,83.8315414193234,87.8535264452483,89.2696813976779,91.0109447464029
OTEX.TO,Open Text Corp,Software,TORONTO STOCK EXCHANGE,24.6282645521165,19.8059831078383,33.4264613882284,26.672841926981,33.2071616545874,36.2860583642501,26.2610474077452,22.2250105693103,15.3002357825646,21.8037649890126,29.8931312713898,29.8655624937116,44.1521030036369,59.6811868625833,63.4286686703376,58.4640261936877,67.7921073982663,63.7314154446948,74.7087076758605,76.2218418843525
ORCL.N,Oracle Corp,Software,"NEW YORK STOCK EXCHANGE, INC.",20.2710927226849,30.1943015435328,59.6438130537742,61.8882290139483,41.3702237553714,55.3167219428901,63.8955689275037,57.3648869407927,59.3512875956167,56.4611449829241,55.4375303630609,50.5058490978196,44.432420900582,46.298697552444,52.8218656672122,52.4125332889231,51.4858117013297,53.02486526721,51.0645724569171,48.3103333782909
4716.T,Oracle Corp Japan,Software,TOKYO STOCK EXCHANGE,,32.6218447207172,32.9117763171063,24.1485510799541,8.03337008295805,13.1000267630686,29.4579853848324,30.4611676637588,34.2090813858766,46.3314011847426,40.3485158181984,51.9197716544657,58.8098721857814,61.8516661870539,65.1104185957847,64.7889792744995,58.6281271337363,56.6702605218877,57.094172159164,57.6374885586458
4768.T,Otsuka Corp,IT Services,TOKYO STOCK EXCHANGE,7.31298250039456,5.95962646509637,8.13993269264484,30.240958591878,26.7446397806618,27.7398938599735,33.2327980652653,34.310621452705,34.264836958177,33.4163261108521,31.1860815668518,35.5691790566623,34.345722376792,36.2568495759877,32.048920963728,38.4959367434845,35.1614137214619,46.4626644873132,42.2277910793755,59.621749374589
PTC.OQ,PTC Inc,Software,NASDAQ/NGS (GLOBAL SELECT MARKET),28.8345270591573,25.2074578753687,36.6266228112524,25.577908237107,20.3612433121214,17.5583123304117,31.8468653833948,27.9493596352614,35.5224786514541,33.8945234945101,38.5274623302985,35.0453155966623,45.1206474355773,48.5921685792508,47.6869061072506,37.3003867671321,40.6803083502325,57.2399411771549,60.1285769324884,63.3962171573438
PLTR.N,Palantir Technologies Inc,Software,"NEW YORK STOCK EXCHANGE, INC.",,,,,,,,,,,,,,,,,,25.0010279609072,34.0202667780583,29.8920703110498
PANW.OQ,Palo Alto Networks Inc,Software,NASDAQ/NGS (GLOBAL SELECT MARKET),,,,,,,,,,,,13.0551533328939,24.903890365496,25.7136088806407,31.9714660934651,29.165362813657,25.5925165049357,39.2686038091777,48.3831953954939,45.2035725681246
PSTG.N,Pure Storage Inc,"Technology Hardware, Storage & Peripherals","NEW YORK STOCK EXCHANGE, INC.",,,,,,,,,,,,,6.97238573331564,12.8951098824371,9.3473406298003,21.4140028166267,19.1407722085875,16.2757641360714,20.2532167046796,46.3287961758329
QRVO.OQ,Qorvo Inc,Semiconductors & Semiconductor Equipment,NASDAQ/NGS (GLOBAL SELECT MARKET),,,,,,,,,,,,30.1841727021337,33.2161660755637,34.9898922327775,32.0945481225819,45.62220953176,59.4499521664056,58.3057092129932,61.4436241268576,62.0478311228105
QCOM.OQ,Qualcomm Inc,Semiconductors & Semiconductor Equipment,NASDAQ/NGS (GLOBAL SELECT MARKET),24.9420585806012,43.0421816776717,13.7492520458127,36.8435271860317,52.2007487250447,48.0914712274332,57.8578594813469,61.3435290137272,74.7146550351936,77.7632710298144,65.003952223435,73.8161966870841,73.6103091381068,71.114039396249,62.6061306973519,69.9104928634133,70.9755798815026,73.1025024129089,76.4063047424925,79.7399962798728
6723.T,Renesas Electronics Corp,Semiconductors & Semiconductor Equipment,TOKYO STOCK EXCHANGE,,44.0394391472171,43.4924033624241,37.7106509081657,71.5239309053501,60.7127211094707,58.3339611896104,58.5210079129506,65.4134732618384,63.797481086178,58.173422230347,60.8617817804108,54.8609057917067,55.4156139052367,57.8223834354125,69.1090223064617,78.27238785315,73.2673522641244,79.0320364525417,73.7913858705744
7752.T,Ricoh Co Ltd,"Technology Hardware, Storage & Peripherals",TOKYO STOCK EXCHANGE,28.185840747454,40.4541919184921,31.5592614713911,57.9042555695459,59.2619085466009,65.9634549182182,66.6029370890352,63.2312286472438,67.3858468193585,56.4093214420435,57.2943839617226,40.4803291941356,54.980474036268,58.3086670458049,56.9115563774977,64.1153449939169,70.6345561493856,64.4076879356809,59.4287476200237,65.4519384771187
6963.T,Rohm Co Ltd,Semiconductors & Semiconductor Equipment,TOKYO STOCK EXCHANGE,,26.8329272825662,29.8044854621177,39.4055025710402,47.1026012926106,69.5411266436621,77.5698088478183,75.2445621853349,69.7674095427329,71.5817039250036,77.1961615915079,80.8851146748875,81.3138755158583,83.004561597979,78.5481800436091,80.065158308725,81.3158714554319,77.6123946167773,72.2280504848363,73.2282505963992
ROP.OQ,Roper Technologies Inc,Software,NASDAQ/NGS (GLOBAL SELECT MARKET),31.6729327123614,23.8768675483127,36.7852915990122,18.7675032796764,15.5354149877395,14.5730429209223,23.9443760224225,16.7422043798195,23.3979470980022,21.8478350759753,32.4324048195796,43.7111328022162,53.2900001467443,58.0748780560773,57.2703478673518,64.9479768725556,60.3872502327251,56.0477664058262,58.7187568966816,55.0525580279575
SAPG.DE,SAP SE,Software,XETRA,48.7317345420106,49.7780046037267,64.3622098129478,59.5668070021616,78.210403173029,85.5013396794642,82.7358845207701,79.9268854548886,94.0777794766034,93.8866460784991,90.691569250797,88.6183975419332,90.5546154749641,91.5597121627127,92.1281944622229,93.2926016255779,93.6600481830581,92.9680961830179,93.1082023362234,88.9046911738325
9719.T,SCSK Corp,IT Services,TOKYO STOCK EXCHANGE,,,,,,,,,,,,,,,,42.0497412396934,43.007834916262,44.8228933852264,72.5372197558959,76.6697665949571
STMPA.PA,STMicroelectronics NV,Semiconductors & Semiconductor Equipment,EURONEXT - EURONEXT PARIS,55.5610839377073,49.5105976274807,72.0356808326733,70.6469742442827,75.5779917947506,81.6983526148159,94.0500310063767,93.5471295362736,93.1695074708987,91.4967706136102,91.3872987746476,89.090446265709,88.2856130930965,91.2462699050118,91.2399924076459,90.2138352688956,93.8404734338736,94.3167320632467,92.2300245305421,91.4436824099816
SGE.L,Sage Group PLC,Software,LONDON STOCK EXCHANGE,40.1894893405019,37.8287505540664,21.0386377900629,33.3427810641809,32.4330509584131,47.1349826273231,46.0480550409789,47.6950934540375,48.3809769069289,63.4390179401635,58.8989508481066,55.8566408073995,58.3974809183079,50.0693952082229,51.0986710986567,51.3803118596862,42.8844870748055,44.0571279791809,52.2076280696639,52.1632961932416
CRM.N,Salesforce Inc,Software,"NEW YORK STOCK EXCHANGE, INC.",,,,39.8042950142148,39.3727447066233,39.0121213683772,44.3860937703672,38.8650758938982,43.5780681762494,46.1439680085387,43.0228495489568,45.7091720292444,55.966575808507,62.9712939420965,72.8181720380806,60.8442114851222,64.7078105213406,62.7624277961643,61.8115780031102,66.4867335056614
IOT.N,Samsara Inc,Software,"NEW YORK STOCK EXCHANGE, INC.",,,,,,,,,,,,,,,,,,,,
7735.T,Screen Holdings Co Ltd,Semiconductors & Semiconductor Equipment,TOKYO STOCK EXCHANGE,,,,,,,,,,,,,,,,57.0051569373029,52.1679485410699,60.1650764259113,62.236922198043,67.2420742154501
STX.OQ,Seagate Technology Holdings PLC,"Technology Hardware, Storage & Peripherals",NASDAQ/NGS (GLOBAL SELECT MARKET),,34.6063498713268,40.2949738433609,43.3231857747987,46.2447867710134,49.4066152718832,41.6175191223968,60.0998820317732,57.0955767956986,57.9457963103874,54.5058031980808,56.2262444456207,59.9137053975754,63.371501208064,59.5752943720318,56.4689380890504,56.9728216005473,58.872371423952,53.207086269155,56.1230953652815
6724.T,Seiko Epson Corp,"Technology Hardware, Storage & Peripherals",TOKYO STOCK EXCHANGE,15.4350301761909,27.550306987964,33.2253250326368,58.2437461572445,60.365659635787,63.6501898918799,67.5912601896614,66.6322064750803,64.0356061456382,64.9396344217983,73.6742061945134,70.5463104084384,74.7913558522909,71.7539721435479,80.9301842309852,87.4380068427906,88.6248300789789,88.8627329654235,77.1196175520226,80.3893869885439
NOW.N,ServiceNow Inc,Software,"NEW YORK STOCK EXCHANGE, INC.",,,,,,,,,,,14.8058343565394,26.8609256519278,24.1698704395181,19.6640763816362,26.5484667797649,31.193556346702,35.5747389121985,50.8247688796737,58.7108727156225,64.8204387756229
7701.T,Shimadzu Corp,"Electronic Equipment, Instruments & Components",TOKYO STOCK EXCHANGE,,,,36.6304524844229,42.2653243594511,43.6901277905785,43.9945563661827,39.2829231942804,35.6370537748472,36.8129704006821,45.7094636692792,43.9676671283551,47.8293149922054,45.9181078765098,60.1228656506754,67.7282415321951,66.4525881729017,66.3115392921699,55.8701066363829,65.9654268722583
SHOP.TO,Shopify Inc,IT Services,TORONTO STOCK EXCHANGE,,,,,,,,,,,,,,19.5485634970187,21.0152490575447,21.618680838032,36.3243413618852,42.0057248975901,49.3442428215946,38.6542758743454
SWKS.OQ,Skyworks Solutions Inc,Semiconductors & Semiconductor Equipment,NASDAQ/NGS (GLOBAL SELECT MARKET),,,,,,,,52.2562099476567,47.3513471703668,49.1133701716648,47.379675378655,44.4577318449184,47.5400581873791,41.6653537157105,55.9292338304701,56.4214857876406,54.2797987980386,48.7182867517836,50.7219605795766,57.5495132427734
SNOW.N,Snowflake Inc,IT Services,"NEW YORK STOCK EXCHANGE, INC.",,,,,,,,,,,,,,,,,,38.9818431511685,48.1330611614571,29.2482909311414
3436.T,Sumco Corp,Semiconductors & Semiconductor Equipment,TOKYO STOCK EXCHANGE,,,15.1103957582,32.508887292096,27.2314958099272,29.945812678732,22.6879837910602,34.2316835211742,30.1995744407834,30.3214864229794,24.0431633869893,20.3622913148875,38.0384607634524,37.2911578635931,36.6301387470675,51.1887488171206,49.7823168074507,64.0475254817776,67.3257657759623,66.4006286621196
SMCI.OQ,Super Micro Computer Inc,"Technology Hardware, Storage & Peripherals",NASDAQ/NGS (GLOBAL SELECT MARKET),,,,,,,,,,,,,31.030535517128,28.7657040022772,20.2267814910969,28.9201029323221,41.7786808778016,38.9668886802002,42.1551923948114,38.7566870731483
SNPS.OQ,Synopsys Inc,Software,NASDAQ/NGS (GLOBAL SELECT MARKET),,40.6822615003801,41.5026818917936,36.4271357694985,32.7432843911031,34.8612244947129,49.2425191051253,44.4910829327299,37.3574163192385,36.0086459816556,35.2206166311966,34.6654180447014,48.7331623161744,45.7996066001284,45.4456224742848,61.7501538948549,69.3678268825699,74.171415626462,63.8291838428754,60.5996676446695
6762.T,TDK Corp,"Electronic Equipment, Instruments & Components",TOKYO STOCK EXCHANGE,42.5103929568176,56.1253434260016,50.4677415032441,49.3764924947753,53.777049651803,63.7273310196652,61.2800446939271,73.1080152878541,69.0431489608385,76.4515704333738,78.245238293444,76.6845733699312,72.0911068940901,70.3848501028897,78.4771961339681,76.7821371652649,73.6125791775923,68.6074884989914,69.8947616484453,70.3997910313273
TEL.N,TE Connectivity PLC,"Electronic Equipment, Instruments & Components","NEW YORK STOCK EXCHANGE, INC.",,,,,29.0395979274184,43.8067236348949,49.1311844217206,53.8168589350309,52.9983081667145,57.7845570611213,51.3087162562115,54.3477914683305,64.5404669383386,64.165795541444,69.6508448572331,67.4088775769699,74.6135369695499,74.99496886539,72.3213435990307,62.3169414410244
3626.T,TIS Inc,IT Services,TOKYO STOCK EXCHANGE,,,,,,35.0416625416991,39.4364541321226,34.8940600026112,27.3001501083918,27.3224701566053,24.8376022661528,30.0963376302814,33.4600840352383,27.5600530796626,41.559330859879,62.5982875650263,64.716874410039,65.3154679471322,64.7815973744763,66.1749681514082
TDY.N,Teledyne Technologies Inc,"Electronic Equipment, Instruments & Components","NEW YORK STOCK EXCHANGE, INC.",,,,,,,,,,,,,,21.5896126506314,20.5888862010802,39.4526195568361,41.3734433295618,38.5827203613679,40.9179238754239,41.4755299272082
ERICb.ST,Telefonaktiebolaget LM Ericsson,Communications Equipment,NASDAQ STOCKHOLM AB,46.7406506536941,65.9945950788342,56.4051888177781,55.7629672006103,60.8386699756377,66.2760520041624,59.0664651662097,70.3434853190288,74.6784785580553,77.4913332406343,81.3436495471118,84.5885103701235,83.3230357913476,81.234960019869,81.1932498177541,84.3065813744614,84.7263777171343,85.2218538851445,85.1985550003597,83.2934305523655
TEMN.S,Temenos AG,Software,SIX SWISS EXCHANGE,,,,,34.2762044328311,42.0513065785004,41.0847870574612,29.8692097467934,32.9065697423362,25.1805808558688,22.1646865946704,28.6498476143573,52.8281372289051,55.6591527224392,62.2001117528492,67.5469094316572,69.9229112493653,72.1583067254133,71.0795585863131,73.348996766366
TER.OQ,Teradyne Inc,Semiconductors & Semiconductor Equipment,NASDAQ/NGS (GLOBAL SELECT MARKET),23.2723427947559,21.6409541241756,19.3825722525274,20.4547982841299,37.7932964956178,46.2961604344921,43.5541378148196,44.5188335162999,43.123543565818,54.3896387891568,49.9338634115881,45.8840197035399,41.0205696515863,44.8949277355798,47.4965731471948,51.1252855911394,52.8010554752675,44.083752930924,56.0378666563623,58.0763778865092
TXN.OQ,Texas Instruments Inc,Semiconductors & Semiconductor Equipment,NASDAQ/NGS (GLOBAL SELECT MARKET),69.2088158508932,61.784368053144,52.6398575918114,61.4015196663292,80.6182584280813,80.6887824047778,79.7088458440595,88.8811819679346,92.5424423853372,89.0394043030892,87.9233844692416,83.5958679854324,84.7941034473392,86.967322064406,84.5300087150869,86.3326036187328,90.4430510544992,85.1581353790372,79.2519797988013,76.7632911531189
8035.T,Tokyo Electron Ltd,Semiconductors & Semiconductor Equipment,TOKYO STOCK EXCHANGE,38.2312610104251,51.6585070438563,47.4738805562734,59.933714624704,64.2030137618373,70.1275516735404,66.1313101329494,56.5643260022167,52.3468540952434,54.6334639181615,59.7451065898786,56.8858268031746,57.4706728471986,71.2469788290257,70.9448921120538,71.4311487446187,71.6246160615181,71.4396623517396,72.32632087842,65.6759017834319
4704.T,Trend Micro Inc,Software,TOKYO STOCK EXCHANGE,,42.9472895454699,39.7060794666587,27.853290861778,59.8314278009421,56.13839872662,53.8790466711523,53.4914481642633,59.4395526160766,55.2060526785604,48.3686106525271,55.8436142437805,48.8651272896694,56.5074594591323,50.9825429968951,55.9352912174936,55.6502713025145,56.3010594957594,61.8820249926346,62.1805487288716
TRMB.OQ,Trimble Inc,"Electronic Equipment, Instruments & Components",NASDAQ/NGS (GLOBAL SELECT MARKET),,,,,,49.1264167944428,36.4672235000392,36.3655650684014,35.8739113877249,53.2878936088719,54.4249996389951,51.5901718001742,37.3131380041546,43.5507669925029,44.8019154553312,42.9894956084276,57.3797934610459,47.686454453109,60.8395340764209,56.5973690103122
TWLO.N,Twilio Inc,IT Services,"NEW YORK STOCK EXCHANGE, INC.",,,,,,,,,,,,,,32.4859071990372,27.4781097141008,36.6999737762405,40.2365292060163,50.0826559858517,44.6187754542057,53.5716647985983
TYL.N,Tyler Technologies Inc,Software,"NEW YORK STOCK EXCHANGE, INC.",,,,,,,,,,,,,29.9959827371465,44.0642014348326,37.735311062801,37.665270001851,50.6379485795909,55.9694316215522,59.0706124602918,58.892554435838
VRSN.OQ,"VeriSign, Inc",IT Services,NASDAQ/NGS (GLOBAL SELECT MARKET),27.0469012124786,27.1987193029245,26.6863723699084,14.0173398173871,17.2818157697434,21.6172873523361,23.6520041759508,26.5202507601103,37.0652941783188,35.7028070532371,49.6140293345523,51.892967031299,55.2509014032867,54.0511860993358,47.0006175850312,45.9730573251717,49.2036091585119,49.2497199074269,49.9460308675731,57.1179675436589
WDC.OQ,Western Digital Corp,"Technology Hardware, Storage & Peripherals",NASDAQ/NGS (GLOBAL SELECT MARKET),,7.68726997185538,8.20271993785663,12.4546392461655,28.741240220816,33.5648392438968,33.1004434385787,48.5612294018212,46.9525627002938,45.4564221227071,44.3482182730767,37.2369536400147,40.622687004131,37.8599605254049,40.5329404673715,42.683940403095,61.095150366123,58.6005711202958,59.0883035275229,60.5258398944714
WTC.AX,WiseTech Global Ltd,Software,ASX - ALL MARKETS,,,,,,,,,,,,,15.6445701631233,53.1918121400748,55.0613915679072,53.9104119301347,61.3858219226095,62.9835318725132,59.5299645833306,54.2460113873622
WIX.OQ,Wix.Com Ltd,IT Services,NASDAQ/NGS (GLOBAL SELECT MARKET),,,,,,,,,,,,,,,6.43093739792387,35.809671457963,36.5430502866605,36.6944530466951,46.5468794915604,49.2968668131553
WDAY.OQ,Workday Inc,Software,NASDAQ/NGS (GLOBAL SELECT MARKET),,,,,,,,,27.6883049372372,29.6865553303949,39.0965462183847,33.7066395993418,52.339262636974,50.449940258745,48.3506671460221,48.4957713691522,47.3591695268659,43.6298714907416,48.9744147933354,56.6128912342319
XRO.AX,Xero Ltd,Software,ASX - ALL MARKETS,,,,,,,,,,,18.0729687143805,29.1386756741156,28.116276066001,27.2931798328741,29.2465498676223,49.5849567668651,51.0930394535118,47.6732020204248,54.5481048612309,58.4156807479229
6841.T,Yokogawa Electric Corp,"Electronic Equipment, Instruments & Components",TOKYO STOCK EXCHANGE,59.2283632251471,61.3156212124053,54.7556227936074,63.1773764217613,63.6952246978484,65.9508840460341,67.3646297637688,69.4150082152953,68.3522498599863,68.6774489113709,73.0175393357058,76.2037939703795,74.6895627332206,71.0511258908533,73.6953200781077,69.7334007468476,75.0296908138943,73.0865288894725,77.56992378251,74.4866090037956
ZBRA.OQ,Zebra Technologies Corp,"Electronic Equipment, Instruments & Components",NASDAQ/NGS (GLOBAL SELECT MARKET),,,,,,,26.4914473420798,25.7725013250815,26.3336835166646,21.5561446091659,23.3515976984686,25.5930944598866,27.8927605524968,26.3083566735035,28.2789925648648,23.556780393644,31.8108419500455,43.656898475739,44.6257328828078,59.2479192531386
ZM.OQ,Zoom Video Communications Inc,Software,NASDAQ/NGS (GLOBAL SELECT MARKET),,,,,,,,,,,,,,,,17.7780238266543,36.2666340924038,56.9791638111297,50.33769756231,48.6435952911395
ZS.OQ,Zscaler Inc,Software,NASDAQ/NGS (GLOBAL SELECT MARKET),,,,,,,,,,,,,,,20.4928479518154,18.540822922912,18.7934526700954,31.054104773591,34.0596759782818,38.6935741986
