Identifier,Company Name,2023,2022,2021,2020,2019,2018,2017,2016,2015,2014,2013,2012,2011,2010,2009,2008,2007,2006,2005,2004
FOUR.L,4imprint Group PLC,6.8771897120094,6.044438362935708,6.38636570257322,7.401449760797703,9.426524732999091,6.011335711617263,6.628214054700505,6.7793523933409805,5.829694870001325,4.695646650285289,3.289672799352649,1.560113375490849,0.8223137973571193,0.9376737794488736,0.4751777761392637,0.5473521154958693,0.7675547444475607,2.02387288193527,1.4489872551991814,0.9112653197453614
BAG.L,A G Barr PLC,1.4337311086406546,1.5434895034723957,1.7416793598817315,1.9230744720292305,2.212751036393551,2.912474834503791,2.54793207700005,2.0892330782814006,2.3937352929494273,2.810145701181231,2.926383585620308,2.7687023343209614,2.3755111947503504,2.0677414245356203,1.8297886823440004,1.3598052260560687,1.692029449076112,1.9020154788973036,1.7017422556384036,1.4689637290432176
ASL.L,Aberforth Smaller Companies Trust PLC,0.8494628986946547,0.8508240702253458,0.8254252026376401,0.9071262153642673,0.9712153750790682,0.8799354811883325,0.8537358866354928,0.8333001755694424,0.9452218266350164,0.8952397959185446,0.8924669460285752,0.8161749926542917,0.7160755776115275,0.7909249163684287,0.81490864234874,0.7292856301089553,0.7887712256948535,0.8572123442841518,0.9421181005162178,0.9425830370281015
ADML.L,Admiral Group PLC,1.1585380208900509,1.0423338172625956,1.4924081162750347,1.0994199779118092,0.8939828270901977,0.8741772916413072,0.9813844319502998,1.0687779733582945,1.1116371930968,0.9501685078633142,1.041353203753812,0.9902233600898808,0.882298718497839,2.30308577220241,2.691026830295562,2.374086142743164,3.320536176265796,3.811980960299073,1.7817957512473857,1.456423888651184
ALWA.L,Alliance Witan PLC,0.8828678530368308,0.8915470582676382,0.8470374601310761,0.8501741826668748,0.8742608118032621,0.8570285571762571,0.8709436591794834,0.887698675945828,0.8098675303553472,0.7756922371834757,0.768691037006569,0.7795420537289086,0.6250011765005241,0.814963203547739,1.0103106136956514,0.45326267016315386,0.8177647066567459,1.2263608415461176,0.8981888342364,0.9137349820658797
ATT.L,Allianz Technology Trust PLC,0.8954063991184575,0.9066929459249933,1.0112224856713887,0.9959163504589339,0.9933402522292849,0.9266295619872383,0.995380443775871,0.9088933010737912,0.9327756014852244,0.9097623994080765,0.9732938666367815,0.895463445914077,0.835263783678111,0.9117527474905196,0.9794574836800046,0.9369210208803828,0.9353308334268251,0.9071260312849263,0.8499223240149899,0.8825084615934733
AAL.L,Anglo American PLC,0.5041986300039327,0.77690520502796,0.8296471186398817,0.7226072511277465,0.7036028183231514,0.6001438475456913,0.538998205808979,0.40012002457289675,0.11894737753425277,0.3955641280137949,0.42812648298884703,0.5409911511405967,0.67822410497935,1.0304074933127836,1.0239045305753642,0.5985016099505247,1.8055669558598344,1.5703908989244455,0.9805725849833706,0.6605371875585733
ANTO.L,Antofagasta PLC,1.0727193861375666,1.010594136966543,1.033227747136801,1.1694168283138102,0.8202377641567102,0.6984587727806602,0.94214180497539,0.5981569496542611,0.5037047586582193,0.9015058955259889,1.0855243944544215,1.6489606463329578,1.5897212278000545,2.139303407459423,1.6611291520660008,0.7712704599603074,2.3958945385835198,1.93298219909351,1.678093537142388,1.3253119888794775
AHT.L,Ashtead Group PLC,1.4054017777569754,1.338237214545354,2.344097207023316,1.6451946251987692,1.0943285100515188,0.9162378372634148,1.4456859282305763,1.2269129280566275,1.196335144789017,1.5236540375773207,1.4048147813709073,0.9879456477083581,0.5778702555742583,0.5085127968851659,0.2554984221820468,0.11447105672138831,0.2807813590996182,0.5432757729276758,0.7307881604880148,0.32730994469773833
DGN.L,Asia Dragon Trust PLC,1.108706325669808,0.7445188267405238,0.788488574610073,1.064439706577642,0.9238644882362995,0.8054210761965853,0.8598131849014379,0.741111970081093,0.7728080965539609,0.7593744845772751,0.8408717883163489,0.9329083130114847,0.7392018762864493,1.076973603105105,1.067764182500149,0.5455923301702721,0.8852418169451161,0.9374668051217289,0.9068564403806441,0.8098911236386088
ABF.L,Associated British Foods PLC,0.9189687470425304,0.642974494913342,0.9530135182718033,1.0555527506250544,1.2788468995443303,1.1996009978011861,1.686204014734944,1.5397834613067765,2.637705146502333,2.4657444092573435,1.8921989114769853,1.2219553358547424,0.8178949166529829,0.9055900861661546,0.7243195556330823,0.5616443463841881,0.9662585833386955,0.913066926232495,0.9367549388692085,1.079821846463679
AZN.L,AstraZeneca PLC,2.068126592869154,2.1794276394997047,1.726484464569773,1.969934175899279,2.1562580619198397,1.5651738501077492,1.3827046919334391,1.1075360124652769,1.4321318500753295,1.5293201282360391,1.3309482598359201,1.101174463800962,1.1305576499429641,1.144250602404187,1.2413383719382556,1.265749953940607,1.3040166883588522,2.751364494771816,3.096695551071099,2.3246607200417744
AGT.L,AVI Global Trust PLC,0.7427393266215188,0.7626297643317295,1.2093593540028222,0.7416086941721077,0.8732167704271747,0.7317427495262375,0.8391751007006246,0.7345730865919288,0.7497371028892188,1.0386493216412238,0.8823643623805328,0.8715048650649055,0.7761539551126696,1.0162924109335476,0.7949354400128098,0.6316737439329094,1.1531412426757301,0.8127899859353658,0.9008798334984474,0.8043981720419408
AV.L,Aviva PLC,0.036213483630729154,0.04016197802191982,0.043939605059024195,0.02662343985315627,0.03565162349292355,0.034115468886131324,0.045897628939853115,0.04485539358387328,0.05386372014356772,0.05003176646546036,0.047056523274167136,0.034943178564141766,0.027980333052167943,0.029945891763895355,0.031062715072183052,0.029233353640830084,0.05491203865370369,0.0714478839080755,0.06392652601851607,0.05975914224293041
BAB.L,Babcock International Group PLC,0.5625147507143338,0.4228189247674195,0.3608741034980313,0.30455466453492264,0.4362184057589463,0.3429153759013986,0.5440550588753785,0.7728121383750939,0.925973027519364,1.0037056861246123,1.5568827236698912,1.237819569097013,0.8549971224424543,0.6243987109072887,0.9805968491320801,0.7839041936979163,0.8868125527979366,1.28795818631857,0.7947584982499112,0.5212889659468761
BAES.L,BAE Systems PLC,1.0510441884604231,0.83730013503528,0.6413053041922965,0.5714404900675616,0.7063949617972696,0.5930278531053039,0.7925063097473618,0.7979435454251788,0.7875067060317683,0.7520799497634928,0.7091703973730948,0.4917008316757164,0.39934529322730467,0.4681528873533034,0.4993736219294611,0.5175126893924037,0.8634034484037529,0.7547504113369999,0.6060600806916238,0.43374201924271355
BGFD.L,Baillie Gifford Japan Trust PLC,0.6939673958332625,0.7850240020366778,1.1439721091606598,0.919222072107183,0.8122381266593596,0.7557834345711213,0.8574907784911633,0.6336024050504959,0.8118653572134954,0.7019653531489582,0.8654341142792743,0.5489094455996613,0.6948294219651934,0.7246336585050646,0.6832570339779981,0.5701333269403382,0.8839762730232804,0.8200971935142326,0.9408153629386906,0.6752630875393748
BALF.L,Balfour Beatty PLC,0.3423013974974353,0.3871127382455591,0.3456957913289309,0.3977964675641389,0.37243944723528266,0.3765099343479297,0.4200382752573295,0.38825828668431783,0.40504512229558765,0.2787475681235699,0.3461109950968118,0.3253717412350203,0.31531981570062384,0.3992627076302282,0.3269344164055005,0.3462773173613555,0.6410213920958622,0.739682012866559,0.6784877715357152,0.5749932647357586
BNKR.L,Bankers Investment Trust PLC,0.8912899557740346,0.8983860619012267,0.9226294535706097,1.1396953190245682,1.0184956025194418,0.8492016251782072,0.9534855179675673,0.861062682635733,0.8733014056678858,0.9123667725460934,0.9752701775229594,0.9371722485905354,0.7875387986332141,0.8235938253272582,0.8458940232461413,0.7820501366029005,0.7447615851299867,0.8851040157932833,0.8362996208420654,0.8762856040256238
BARC.L,Barclays PLC,0.015752441053987223,0.01661732660603362,0.022630523937888485,0.01886798908328297,0.02729043437466526,0.022755392976579348,0.030567836847096966,0.03124006207311395,0.032859541520406106,0.029597318467075875,0.032613303710554986,0.021584300871661216,0.013749060868159392,0.021397076678652576,0.02284083653931416,0.006255486252412598,0.027127891237411005,0.0478607912386497,0.04270916155770974,0.07040176396487428
BTRW.L,Barratt Redrow PLC,0.7010245237442029,0.4706180197412518,1.0351439270721097,0.9027369228888875,1.1843709507017361,0.6405383497889802,0.9417999070393277,0.6667210677869202,1.0828092975046526,0.7837396103278457,0.6462691364147682,0.44640202027970705,0.1866589386586507,0.17419167287348739,0.24511909513714375,0.042746376864830085,0.2605133958002783,0.4806472482451612,0.7904159579820701,0.5544965576895484
BEZG.L,Beazley PLC,0.32700985932072607,0.47103610442472804,0.3822849837418663,0.2867174993305496,0.4400982301060617,0.43831754564864167,0.5023707788992154,0.35695510685622606,0.44511980569771403,0.36299339613921644,0.356170381925183,0.23221037935671046,0.17668583128469936,0.16097585223695357,0.15210645572810944,0.15802601832945715,0.2713054875771764,0.266335885285842,0.22138563254050406,0.3840623267751492
BWY.L,Bellway PLC,0.6074508609410088,0.4340438919616694,0.9183118404069571,0.7665721795310412,1.1635091437639997,0.8348042125219005,1.2708950712538916,0.9011914755374366,1.4232499218449297,1.0319738174920765,0.9554094336936226,0.8135563562673125,0.5498543082733872,0.522931771190556,0.7308933759902818,0.4469951961901409,0.5639260256853772,1.042075749145346,0.7886435512147697,0.6897327882539805
BKGH.L,Berkeley Group Holdings PLC,0.7245348660224371,0.5738884928314738,0.8742937356475532,1.0535365707072206,1.13981052310406,0.8898678336432128,1.1747434815253752,0.8335404541036237,1.3244427317824052,0.9998638549173268,1.159849068444849,0.9665940046759302,0.7445213519856922,0.5221213925474538,0.6768113527636611,0.6798330648233265,1.2378198366913167,1.4943456413729157,1.1456106397813999,0.6132409907876603
BYG.L,Big Yellow Group PLC,0.8313646738434081,0.7533040864999024,1.2114458822142435,1.0386304500160006,1.3249228370930763,0.9375189771919942,0.9701530597605629,0.8474356120880476,1.0865044896853642,0.9165932337536767,0.7679820256411929,0.5794192019108769,0.36755304235666036,0.5129815706056067,0.548932988653008,0.32750912893830053,0.5525274036585551,1.0698384023854983,0.5831443016744551,0.5350070963273799
BRGE.L,Blackrock Greater Europe Investment Trust PLC,0.7953859890866822,0.7589976578494493,1.672955429676379,0.6434737919407938,0.8265229967784796,0.8024151661879242,0.9245019955664251,0.7491662425391858,1.014390297132479,0.9285285214754488,1.0100265126021262,0.8757227939788967,0.6192123338792429,1.0091373610543088,0.9726910753318649,0.7583913829433745,1.214013819049486,0.8176875833627167,0.9253585588119233,0.9106713183203486
BRSC.L,Blackrock Smaller Companies Trust PLC,0.8723003188550936,0.7965502187616422,1.0077387250204093,0.8611123007745106,1.0017980908556374,0.7663417332937653,0.7588674940621877,0.7055419121215738,0.9706636647029885,0.7411058800094527,0.8384045805740518,0.737098708580737,0.6174858203688048,0.696515491120401,0.7081593083740595,0.7089596454382967,0.6921177230580637,0.7313973093781609,0.6805153757318196,0.651705632124116
THRG.L,BlackRock Throgmorton Trust plc,1.0180654451810363,0.93512532975724,1.0650151797763387,1.1324818962562144,1.1199769016851198,0.8307468468085583,0.8575580212942112,0.8239969453058454,0.8944934790955961,0.8294042870275629,0.9315579419111426,0.8339386121919988,0.7521321412539878,0.8098785691518643,0.8012608344870202,0.9636034365448022,0.6518343922061063,0.7520525739222086,0.7603105940444518,0.7796318685082396
BRWM.L,Blackrock World Mining Trust PLC,0.8500763321362633,0.8971794278302418,0.8393141179528152,0.8530327189489415,0.7860801029882654,0.7348864985930301,0.7698078197685264,0.7733418720109404,0.722001390543261,0.7490847047178317,0.8156072939947356,0.7762242744045004,0.8073841593913992,0.8182820676493688,0.7994259419309856,0.7544706930454975,0.8850422195473446,0.846140680855689,0.8795007211936584,0.8373319869482437
BOY.L,Bodycote PLC,1.0013257170229644,0.9321129894836006,1.5489373421760981,1.2858610470810834,1.774571860033096,1.3255780897550726,1.821397155736166,1.3338140931198594,1.3512456087150853,1.502458748878928,1.5863917294088496,1.09354149161453,0.6625028560379576,0.6908825973832986,0.3874185316975743,0.19907075387934786,0.6045202146489643,0.8267916944456897,0.797795287172599,0.6110067893115128
BP.L,BP PLC,0.36356997915028866,0.3620397474655768,0.3072643127129556,0.26481235692178146,0.43154855830176764,0.4543937104284383,0.5061367306064264,0.46490408334078065,0.3662580662262008,0.41051590811025834,0.49280241841678496,0.43977224880410426,0.46345979538140436,0.5014942026490806,0.7705247978243702,0.6313325433912845,0.9783606602540198,1.0056294724996346,1.0635771917570247,1.0838449191596053
BATS.L,British American Tobacco plc,0.43243325987710285,0.4778371503446531,0.45663221892974915,0.45121721928622277,0.525701751055777,0.391850988438042,0.8159605194345388,2.166340860182159,2.230676787661117,2.4932800995528703,2.272948148327074,2.2046672973180366,2.2184614507887463,1.7656524389461572,1.512643650474187,1.304099732133135,2.1128695675868676,1.657527578795005,1.4336063723689028,1.0810135644585093
BLND.L,British Land Company PLC,0.46859162196205423,0.4333615072193337,0.5115930689968317,0.5066696828599412,0.5620609972643393,0.40886087206736255,0.5062237926393257,0.473298146217324,0.5981727354754305,0.6401885509998896,0.5817832361279702,0.6501010505654662,0.48900321546580305,0.621967321783554,0.6894748693977233,0.379587986153163,0.38194807146220794,0.5421544424884165,0.40509009705812005,0.38356559193305984
BUT.L,Brunner Investment Trust PLC,0.9145903206537869,0.8190257055558853,0.8932278589262992,0.8264361979984364,0.9052176989765338,0.7525972708452551,0.7888778571086573,0.6935317732013795,0.693249318187679,0.6861491641688034,0.701929091319878,0.6582726286803247,0.6588447239481477,0.7073971745067386,0.6635449769546853,0.6106768947894141,0.6637827414640175,0.6962550943063067,0.6766801276813378,0.6149610794743846
BT.L,BT Group PLC,0.23963172222576398,0.2069033573246845,0.34809400894929,0.2558000196895084,0.38263496526445384,0.49969675372059696,0.6066511665035058,0.8479601058232986,0.9427990964804213,1.2635045730934096,1.1977701016818745,0.7818396030577907,0.6013689050856086,0.5799756333875187,0.3882759868049796,0.36510620516852776,0.7437050877662725,1.02970159481908,0.7499469299404867,0.6384939336242114
BNZL.L,Bunzl plc,1.2326470714285664,1.0749344203973865,1.368262361310636,1.2055062841874855,1.174791779484796,1.4344442057846343,1.3412343387390169,1.5702904526990742,1.6531520527210903,1.684420088052037,1.5226607752621484,1.1350664911949062,1.0661542139344846,0.8903525376241358,0.8832360009569,0.7004461925226868,1.112604663912104,1.2369951909064545,1.3870886569580514,1.1032543255477363
BRBY.L,Burberry Group PLC,1.5191625991095343,2.050783605852144,2.0410775388310465,2.0512155965921517,2.9050238450716592,2.996948274913637,3.3007699862315456,2.68322731070447,2.3584508209588386,3.5177119212521064,3.39839485537836,3.3174931078965284,3.131556413931478,3.492404915995741,2.42640819069924,0.8709249665718513,2.5871009507819056,3.7821131133273744,2.9141000112753233,2.986834987863005
GCC.L,C&C Group PLC,0.5175976201221846,0.5569129262148913,0.7490560828986015,0.6004604140243517,1.0521593611395545,0.5986824210781365,0.7884214424275086,1.113024784319006,0.9500568944641963,1.009739866140243,1.0621091421002031,1.3144836301033314,0.9811735798669389,1.1545020454886592,1.0348026601478162,0.7192989613016947,1.502325290454432,4.711911959783188,2.110683343457111,1.248389176516826
CLDN.L,Caledonia Investments PLC,0.6534376863595933,0.62531275117839,0.8150638525892998,0.6960271101189731,1.0149077811949891,0.7506227621615612,0.8042822324864882,0.7239456864512794,0.8056990032710318,0.8083753995891622,0.6994578723689695,0.6852892612781871,0.6167655266715052,0.7798378271639084,0.7480781491635974,0.8157119822288066,0.854684693542977,0.8419647813490191,0.8357591595692228,0.8040907238018276
CGT.L,Capital Gearing Trust PLC,1.0342919812981113,1.0031792152504662,0.9694689796405344,0.9380763275674637,1.0721343589164696,0.8569463322124045,0.9400631952757372,0.8770577392635345,0.9352181333691734,1.0295397342642563,1.012212235517662,1.1588743196619287,1.0528184662534756,1.08902133920844,1.0981485352136886,0.9787030405259732,0.9520056718426311,1.090882956380867,1.1107840976378325,1.1474916954755485
CCL.L,Carnival PLC,0.4725012273811095,0.19339689274270971,0.42280500724719366,0.4262603288143993,0.7625556240372475,0.8021801326490272,1.1673899070586493,0.968516874935475,1.0946058662746412,0.8931084173565149,0.7825943450916493,0.7368887987861086,0.6575116770422264,0.9722598583877354,0.6935174079989928,0.5616171148450628,1.0224472000169158,1.2826154772902,1.5433640468063108,1.7942624769789568
CEY.L,Centamin PLC,0.9651387898613354,1.0575102132491347,0.9762751734452937,1.4006408528427525,1.4182905664786851,1.188987303471697,1.7301238330345454,1.3158109530895241,0.7727752567891171,0.7709471753662374,0.6255035077631796,0.6475143084826518,1.6576828031080166,4.640523066363587,4.8668060804976605,1.6048313782273473,5.058969741052642,5.1304725433021545,5.305028865137172,2.8683191854600607
CNA.L,Centrica PLC,0.3565299896954268,0.19480415232726758,0.15525468796296976,0.15904046349833553,0.28625560348947926,0.3738269997978308,0.3718356304695104,0.5867568590585952,0.5771647911227704,0.6109094648360655,0.7534723149359809,0.7900423313024768,0.7647443696655423,0.8866761304149411,0.7420123400305004,0.7357506657391965,1.1041172004442974,1.1709472698127115,0.6947606149461991,0.9172470116023804
CWR.L,Ceres Power Holdings PLC,1.7092710226581098,2.5958772592839536,6.367750983898192,15.54128421844441,4.518617488525118,14.401449299048627,5.721864573376175,5.295025309550439,2.1814344031967092,5.469864596648417,2.408192582436123,1.468114695243497,0.1724832103995187,1.376165140325928,4.988958769697623,1.3214118639391592,13.500881765669318,8.39254779024662,4.332393445514037,12.180138585169066
CHG.L,Chemring Group PLC,1.6938566614292763,1.4349347621798074,1.5582600552937338,1.572260356254897,1.3883315792606528,0.8198110169366739,0.7440086187824985,0.6187932538004622,0.5430318701997298,0.703790973048121,0.4847172610927784,0.41586733030694667,0.6518164961970285,0.9874963613616372,1.5646160060955963,1.0754295500711966,1.7530382622345027,2.106773185670018,1.1917961452645798,0.9740426662148552
CTY.L,City of London Investment Trust PLC,0.9172642926525121,0.9100078686002074,1.0103478550707161,0.8321965002029711,1.1937436893365228,0.8047885227826966,0.936921493885996,0.8504690443828344,1.0175655810867212,0.8912664409842855,0.8585662617815668,0.8667010708764932,0.8398329321050757,0.8402664300404885,0.9819112110185203,0.8044303439974108,0.9154262141764389,0.8030038309369921,0.7513266170504961,0.8331025660179949
CKN.L,Clarkson PLC,1.11062358576976,1.190226190676433,1.7338420219908928,1.4332060607647938,1.4832353471101067,0.9610944153461219,1.4778254761489826,1.0923960420186243,1.2402352381447093,1.3486786303799645,1.6185925305070288,1.0680557524613228,0.9301492537313433,0.7873738731573154,0.5651114778761063,0.1992671227050183,0.7379058947368423,0.758755037868768,1.115151219512194,1.3776317717391344
CBRO.L,Close Brothers Group PLC,0.08401866245758816,0.10948445947105265,0.18526737378471014,0.17022094187488473,0.22121625282540078,0.21647841511973268,0.2201863220369892,0.2181364065748339,0.2550277236576663,0.27962860229434366,0.2599327096113656,0.19906999516730595,0.14170960676709637,0.1920554885328814,0.16406633461694498,0.110518302685139,0.24623099660108572,0.268370231149559,0.2558754301865358,0.24459037089358965
COA.L,Coats Group PLC,0.9182741781749518,0.6774474070290237,0.8998290636970621,1.102283661933196,1.0861954505313673,1.142279227362626,1.2760165326234298,0.5942166393499793,0.2933144658789346,0.23458876815863222,0.3358357737944979,0.3332988432016331,0.24327342310194222,0.28806421101491303,0.2941615353962728,0.22406198183231624,0.8463903038428633,1.005562982894279,0.8335547063566583,0.8816458098405071
CPG.L,Compass Group PLC,1.7825914913850196,1.9444253816644834,1.9896222129271919,1.7469183105049393,2.428880454075779,2.026206659305136,2.320309742870534,2.1750717416933285,2.1526285372836993,2.041584312341761,1.9482121947940596,1.4525822987757686,1.2298013647047272,1.3210650990199704,1.096424660258112,0.7534019694400834,0.8783625698624326,0.8565811255663254,0.5395435139938763,0.6663963494622036
CCC.L,Computacenter PLC,1.0421254948593845,0.6723910582583222,1.2238867577655754,1.163333850286527,1.0570211007953825,0.5860027806078987,0.9759120295300191,0.791132068171711,0.9815236564047962,0.6985444283092485,0.7807499036896408,0.5829376053722564,0.47058620090848297,0.6093896968237136,0.4113639366123716,0.14082445728309206,0.3633155672457059,0.6439604860724765,0.5994520126716459,0.6700289717029397
CWK.L,Cranswick PLC,1.4955508860114388,1.2885267454341653,1.7599974459136425,1.7605413061852995,1.8880386345083227,1.8506520516501122,2.5143357921221567,1.8973120975024218,1.918700688390192,1.4387884514283011,1.2516995716776753,1.0274213868872688,0.8586157509200217,1.0533078528034736,1.0762307777398585,0.8218340474335871,1.2183946195718989,1.4099749086417164,0.9628548952680988,0.9133313749816453
CRDA.L,Croda International PLC,1.9701580858851155,2.55309521018855,4.287147178356719,3.0382819501337037,3.4897410436805925,3.2243180331712646,3.525697341274948,2.7968251830910695,3.1262928839646187,3.371745519179107,3.280391869380539,3.203604981524671,2.4469975226466065,2.2614849309417013,1.108268782422943,0.6496964316804411,0.7979003002924268,0.8042039345916997,1.7890800592065375,1.35465187806411
CURY.L,Currys PLC,0.10989070342490022,0.09994877598454899,0.20774253285232835,0.19432596214303524,0.2299339627286201,0.19260351843424062,0.30975678993599476,0.5284598811260843,0.8381250888554083,0.8360621922108155,0.6734495972290785,1.5235961604485062,1.88499575137411,2.2290288593794236,2.5575406177689493,1.0083728340518079,1.1173372584698569,1.0829946547958744,1.3403152021712879,1.196392553297382
DCC.L,DCC PLC,0.6073098335817035,0.40156688489661047,0.6430015082014668,0.6302772799258985,0.867955995746354,0.8133540352768862,1.062165369805504,0.9705125928754949,1.071837250937379,0.8008760489718849,0.6676732630179506,0.5316541725682016,0.39135597772679115,0.5962319257901728,0.5810654836661776,0.4095330221722017,0.6221125745078157,1.1009601438787986,0.9670923511621214,0.9805730502199864
DLN.L,Derwent London PLC,0.5270616396976938,0.48263754287581206,0.6484230094253416,0.6266632831760501,0.7956735667039458,0.5948324054375872,0.6898999461662115,0.6108382523175525,0.8061931330910819,0.7341262180191688,0.7440173638585784,0.7316509007151576,0.5839284522353992,0.6344833465218046,0.6662384238788062,0.3350840440603356,0.5129354539729484,0.8432711063778754,0.7282285320102033,0.6332056794167333
DGE.L,Diageo PLC,1.7883463972004288,2.2322146511621104,2.8577508724687872,2.083657567807746,2.4052388846824426,2.170630279656476,2.3346159995220086,1.743003552705237,1.8159341990324962,1.7855658776320757,2.116994013069524,1.9142582290615993,1.5563349893622216,1.4577506902115849,1.5077785702028836,1.1843570775156678,1.7448563021883778,1.9034035539639291,1.6231628430037544,1.720504189445235
DPLM.L,Diploma PLC,3.153991205104226,2.7206070222527505,4.293628366203102,4.161304336898,4.929842827538538,3.317771282759231,3.89799601535338,3.264093281344472,2.9407729415175012,3.1350541475677147,3.3776758542281797,2.788387417406612,1.8402852370690383,1.5861700152922733,1.153117560729514,0.7340585158031341,1.4301505451641667,1.6798710477877243,1.6480871251658096,1.671320041437646
DSCV.L,discoverIE Group plc,1.1478968324131151,1.1795858274294504,1.7022340258420254,1.395917460050265,1.2445096628019094,0.7940730376378617,0.8292559223367164,0.527638959525639,0.7609819250210362,0.7366822324316703,0.8148265565477218,0.5241064254501705,0.3987333791302149,0.603523274512589,0.34998475926602673,0.21111732050601817,0.25980696162061745,0.6507454733664457,0.4757043384724991,0.5767904652619518
DOM.L,Domino's Pizza Group PLC,2.914446179449753,2.3890348573544014,3.9801563997140486,2.5255902974258007,4.2407004757503755,2.7517222302023527,4.418448333447102,7.308922863512443,9.318123183872544,7.014076423512277,5.094584436930382,4.501633299086913,4.2368469463928085,6.610697303592281,4.031417605349107,4.182683877464347,5.929029481399639,7.289037811824509,5.123037511688028,3.3545044639521864
SMDS.L,DS Smith PLC,0.4661651026874782,0.45058458712074434,0.5740228980852773,0.585037121011558,0.6437229556530599,0.47145147689927763,0.8568902089507738,0.8196010785655123,0.9269777359614739,0.9317776349652422,0.8610675871340916,0.5503960353254704,0.39805204547355266,0.4397805029252078,0.34342622270344186,0.19007316641959016,0.5240372298088729,0.5492163891465766,0.44528821677086217,0.4337401117902458
EZJ.L,Easyjet PLC,0.4099622670932056,0.25512698101288506,0.4330689231422068,0.4736438956683409,0.7479960450073837,0.6145977250524758,0.9823301282502241,0.6920695036497628,1.3947132109136549,1.4225203700138394,1.4124222575912806,0.7095669446423947,0.37731786066586376,0.4694231359453727,0.4131650258857874,0.3139698825861684,0.9947018436272647,1.2147376821968572,0.9091423521020703,0.6010104539748573
EDIN.L,Edinburgh Investment Trust PLC,0.8500150958712261,0.828717294728682,0.8579964243929837,0.7829132666950603,1.2149672798899402,0.757519748686676,0.8574640112125798,0.7883894420964834,0.9220923301348017,0.875727545212869,0.8144787252399185,0.7893019774206875,0.7554386304649136,0.7865056639662033,0.7474777515875732,0.7743220946353109,0.7918727302930532,0.716894416740863,0.6363559933132774,0.6601630040486511
EWI.L,Edinburgh Worldwide Investment Trust PLC,0.9187649708244185,0.8185003563317591,0.8318799635247505,1.387107444766265,1.0422523591731319,0.8107407353773314,0.9800439532895615,0.8015815513936265,0.842743172283263,0.7887136848462938,0.8488408320990961,0.7790218021728812,0.631752478549401,0.8067324782032164,0.7600073994145916,0.6389035216078771,0.709949822118218,0.7828884627758761,0.7985965816101566,0.6587100985625917
ELM.L,Elementis PLC,0.6316687143990889,0.5227230940677732,0.5640605647540836,0.4975195888459588,0.7231724369773251,0.6968989444149531,1.3315622052448721,1.7311247767845122,1.6997087350526257,1.9315371063942426,2.2380580351930535,1.9771840900907003,1.2387240818601164,1.3104725606480294,0.5144145376432957,0.2974428511286656,0.9554669073471664,0.8343339683924598,0.6815266722973102,0.32698026447284617
EDV.L,Endeavour Mining plc,0.9409381733097585,0.8204357446767518,0.8022296459436412,0.9802442430502055,1.108737522407284,0.9183866905718914,1.2992937468497274,1.0279707811368302,0.3086382063467085,0.1567970699301922,0.146536310736632,0.49577341171184053,0.6057587430005779,0.7024193558147539,0.6476603462542913,0.11982035560292878,0.7529077833799565,0.7544385565804812,0.8402415758954856,0.842512090667194
ENT.L,Entain PLC,0.5852950333977853,0.890358741765351,1.361236529201595,0.9122641741399232,0.7367472336498397,0.519692254126471,1.595655076816037,1.004179824886447,1.66317771831937,1.8180082662603956,1.3083609329217847,0.9972770483624399,0.5312952867379617,0.5104169867503925,0.8265460783847564,0.37265214867566565,0.5127731599349856,0.6178116948676922,1.580102808057289,1.8462143248821181
EOTE.L,European Opportunities Trust PLC,1.1732960977756264,0.7462098677593318,0.9875165545223592,0.8047407555873098,1.037707593481129,0.7620060570417369,0.860646236129914,0.6375922079145446,0.9230014808620985,0.7262209950124279,0.8452923728511414,0.7716867417844144,0.6516061461055291,0.690681050947403,0.7989314266314493,0.5045712953362232,0.7218411491034853,0.6398244495768525,0.7202910006653729,0.7848482953552353
ESCT.L,European Smaller Companies Trust PLC,0.7390971594728603,0.6700927532917776,1.0886383447864498,0.6795925118979012,0.8971011638247007,0.6662945030251756,0.9847642478569408,0.5834493577373769,0.8768867046560219,0.6670932823714236,0.6970597392194413,0.6420474663108714,0.6692875369595764,0.73781800193405,1.203920065927662,0.7432162738422312,1.0206219188206513,0.7139592785998934,0.756369755154489,1.166855198395456
EXPN.L,Experian PLC,3.197496403344348,2.8856748742774205,4.162666221225408,3.458345504356479,3.4534651956788176,2.7347443808841843,2.4479810967520708,2.3849639844225976,2.2990593018902388,2.1030805385022817,2.0119486093569994,1.9628520879375717,1.67612579481376,1.7098202579658075,1.526440923177104,1.0551177434725836,1.0796736566839193,2.0219531966061868,1.1831477064353073,1.306532061872227
FCIT.L,F&C Investment Trust PLC,0.871194668793163,0.8945550263931776,0.835204355996172,0.8572495985281824,0.910102983635455,0.8909582972772413,0.8835248836918195,0.857915163796569,0.8335733088468606,0.8331456488528965,0.810459567576951,0.769424453617972,0.7623648404318851,0.7777439357293207,0.8277247423790179,2.0049290272355296,2.08548154370108,1.9972685555258571,1.9659333008527748,1.6681107573605811
FEML.L,Fidelity Emerging Markets Ltd,0.9049178001092909,0.7985185362733266,1.2271243399353016,0.8646440844782234,1.0283517097546717,0.7495221176181671,0.930381679536738,0.758819418564135,0.7986092661888072,0.895044320446937,0.8365411634236517,1.0347895155810507,0.8723218943292401,0.9376159556295639,0.9782095296034164,0.6561580506676908,0.936409364474931,0.7561725991958241,0.8697421159252043,2.2973252455079547
FEV.L,Fidelity European Trust PLC,0.9240339932604779,0.9382683025557312,0.9486323025170589,0.9632870651573213,0.936844456801686,0.8904404204033697,0.9059494266097547,0.8681042730235128,0.9506171938257476,0.9282120600192595,0.9023111939283276,0.8912011597672441,0.8509106287239929,0.7631826748774921,0.7810049600638241,0.716186270674019,0.825645053143758,0.8312623823348007,0.8729565294902557,0.8329258377917524
FSV.L,Fidelity Special Values PLC,0.7658727133516166,0.9042196998501191,1.1804551483856514,0.7403350453863172,1.34045410796941,0.8951793235766662,0.9629062685438844,0.8444051151407979,1.0106353679989613,0.8533858623354648,0.9437259673314846,0.7113146154060567,0.7469828233085618,0.9831272169330423,0.9749566573491069,0.576270724565236,0.9573187356521001,0.8317531511691647,0.7146352475340332,0.786952970875077
FGT.L,Finsbury Growth & Income Trust PLC,0.9525690398311352,1.0426239001233355,0.9811411587199182,1.0978607805810279,1.050693318738061,0.9096495717329112,1.0582849933678236,0.9459125009126778,1.0358639476851972,1.02341990243649,1.1078675292465663,1.043204470121343,0.9715200899770434,0.9788619991041116,0.8778286408504683,0.6473616657571718,0.7523354155329433,1.0137941216202981,0.9428655850781987,0.9881148925346203
FGP.L,FirstGroup PLC,0.30286835151212554,0.1694626105232734,0.20419250644570364,0.1080500728984999,0.19272902880388396,0.1663350703353228,0.24151759729403302,0.21217638032785932,0.24861077144071136,0.2574149101263179,0.29546384386447005,0.19494353514369903,0.29744403533628266,0.3540666561647044,0.3899205867254418,0.36084089384989376,0.7351204433455106,0.8876637980519593,0.7588640516058432,0.743028649969754
FUTR.L,Future PLC,0.5115824996078765,0.847674253221713,2.847465719454258,2.95047536275215,3.9690719142465367,1.5044223158016736,1.617752797023693,1.3814271786710108,0.5913471046585358,0.5184587281220484,0.5391981573209015,0.4651827603981463,0.20813275214301089,0.5915381110990898,0.34785714691150194,0.3036272946665494,0.6197034495986368,0.8374549239902888,0.7879663172722428,1.4854288697339086
GAW.L,Games Workshop Group PLC,9.24972777459777,8.45280600758422,10.934131482079787,12.557973146897126,10.570677933882996,7.251976680157523,7.296616247971706,2.5425274449700135,2.709966638186955,2.517789609653122,2.993072147075165,3.1153993438307324,1.9095972365287657,1.7280897713401844,1.1475162014737081,0.7161060657969754,0.7747818277133127,1.8667135369878796,1.577989856927144,4.08525314616075
GNS.L,Genus PLC,1.402186860940549,1.8550167230838124,3.545481443434191,3.183761849691107,2.583964233099217,1.7635858343158854,2.0728739372337475,1.303723629017731,1.4203876478347064,1.1732942964665574,1.3087502539996232,1.4820233458593854,1.050607935173436,0.9231054415638269,0.8013775926782652,0.7060742168497609,1.1187174754226934,0.6675009129650975,0.4007506470891531,0.994831608261489
GSCT.L,Global Smaller Companies Trust PLC,0.8286461205222041,0.809070053416289,1.038559178891327,0.7918838409556775,1.21276863578985,0.7954375644776515,0.9062793480000398,0.8523156863687636,0.9250734602680031,0.8485893015379532,0.9052947152354966,0.8173672738787124,0.8077655679197081,0.795274528301598,0.7854845995740412,0.7630328695579731,0.8525308663410616,0.7922196628294135,0.7341264510694447,0.7582869567674203
GDWN.L,Goodwin PLC,1.5509675446185924,0.9388463707913265,1.2206650796016612,1.1225209603135955,1.201666019825574,0.9376344662517287,0.9076220225636911,0.7660801861345233,0.844515853279879,1.3039889306914916,2.003352242996952,1.2400623757754068,0.7914118973392265,0.8747025836646062,0.9014718320946241,0.9296841268600629,1.2283796362788286,1.097220599415014,1.1584333291750992,0.652450126905261
GFTU_u.L,Grafton Group PLC,0.6668891561353337,0.5905774274899203,1.000220500855493,0.7394030079637198,0.7162084487732092,0.6619456163018222,0.8703911177511198,0.6448154026563097,0.9282498468426774,0.8732529068781401,0.9108953660643271,0.45356009048799023,0.2866383979269842,0.395022223777789,0.3251075990108624,0.24696750639071136,0.5025855269695543,1.2102794120617868,0.9127688054108499,1.209751587102698
GRI.L,Grainger PLC,0.5497017169585403,0.565901280095378,0.7166125040382214,0.6810718708195044,0.7894895080778218,0.6652621792473626,0.6893004370633843,0.5843467123348743,0.491366199098903,0.41907080669369956,0.5056120607745149,0.23665902327754218,0.1971879224627272,0.2107235592801469,0.2758413338135662,0.07263149033900679,0.21683051832326056,0.626122946742625,0.5162423446478595,0.49748932968718956
GPEG.L,Great Portland Estates PLC,0.43389398822808406,0.4919369074975772,0.6862108265004165,0.6573628998387989,0.8466679317442153,0.6662118556184968,0.695129388010283,0.6525135914833277,0.7898950378036913,0.851210026094189,0.7742427522778275,0.7742712118402416,0.49904626978514877,0.7197264133273865,0.8041439465194556,0.47949717492014143,0.562581371880873,0.7368859116906982,0.6227188959603027,0.6075395240257064
GNC.L,Greencore Group PLC,0.36959285180264406,0.265465745352382,0.5220761349769345,0.46110942913456954,0.9296133544247016,0.5560938145989406,0.8029325752598742,1.3101522006078026,1.2543515000966898,1.0899406992014715,0.9140844714749232,0.39478936700110484,0.19443207370401505,0.42742176860558423,0.2770383597117306,0.14975638802313515,0.7374305476510256,0.7956076052127237,0.5253261451955543,0.5122186051438778
GRG.L,Greggs PLC,2.3552205572275766,2.4580800055418606,3.8274466352656464,2.4884187202521915,2.988222844875513,2.634353344805432,3.2070411652502955,2.3588306954280776,3.4580308500388743,2.03949210438874,1.3105712469667794,1.4058057559386243,1.656468799546921,1.652961325707659,1.617388936018173,1.3933676702018292,2.08976983548982,2.0991327151854438,2.122065440255996,1.7892816807380936
GSK.L,GSK plc,1.0113784596639606,0.9785888310453903,1.0219719245185896,0.8392582562835194,1.1138497946969503,1.2749294334496604,1.1629602273948672,1.298128010891827,1.2510242113499606,1.6463349066109116,1.8589238090290094,1.5782640582013454,1.807946747417235,1.5257796314373633,1.597547166309207,1.6913812886745099,2.2724363700841845,3.027357555311702,3.1535112140289643,3.1250698592119983
HLMA.L,Halma PLC,2.9147091277611388,2.6361995242568437,5.696408055432893,4.9129043149764255,4.426343982888145,3.285266266123928,3.1874708253053377,2.3852406176890293,2.6793634929607357,2.890297353380279,2.873817508913123,2.1834324769922646,1.874557882208037,2.0982725095343056,2.0058193112860785,1.506700228520101,1.8809402795903514,2.455316962998457,1.9741876425398917,1.9026029382416088
HMSO.L,Hammerson PLC,0.32775523782059923,0.26203789297240054,0.2944828384362705,0.17070561878655038,0.323365555312218,0.2829370157552109,0.43990993108944315,0.46417503183679837,0.525329828223187,0.6208358411597716,0.5363350349799167,0.5433413837839918,0.40938869745360373,0.5101260120118333,0.5255178042919669,0.22485930450827893,0.38880085030109124,0.637374703294836,0.4809920560170406,0.49528165447770456
HBR.L,Harbour Energy PLC,0.30517667510331387,0.248697299322757,0.30560233134790965,0.026203702996057687,0.17771236542893112,0.12354229789954763,0.08814235489532804,0.07694630019955728,0.0688145568411555,0.21848455116935575,0.4726083681520976,0.5973671209815323,0.6786332400325064,1.1700712644668263,0.8059451221358257,0.7882889673128154,1.4098731779038833,2.121613977256547,1.3590169689958584,1.0522826274028818
HWG.L,Harworth Group PLC,0.4776128071243692,0.4393099410121082,0.7617348792721793,0.513717100441135,0.7365056494309367,0.6381880757524042,0.7019184409950106,0.599925665569643,0.9186205087402375,0.5075016461426721,0.46835533673102736,0.26879836017226133,0.13314411504404086,0.16792388542733946,0.28841475353538754,0.19455839656268825,0.9281728971281492,0.908394165380749,0.3062265910884688,0.3464117881462281
HAYS.L,Hays PLC,0.9796626710046437,0.928767557836025,1.3074914025243007,1.265262410978248,1.468763973928195,1.364240058244133,1.7992098860154868,1.5567414736346235,2.0675565804811633,2.155668371415114,1.9916442076921395,1.3912655757889718,1.0212453725185777,1.9747591972841652,1.9874203755658826,1.2303683929192466,2.190630289813822,3.4701289762987897,3.1720693634743444,4.458752494001727
HET.L,Henderson European Trust PLC,0.9381098071920684,0.9766266827708459,0.9053315391108927,0.9374277353314665,0.9739442068805872,0.6522106437365013,0.8807707897738122,0.7826734102395585,0.9177689421873799,0.8367040458565962,0.9134231776555893,0.7970387198506271,0.7936208491323647,0.7759491078241251,0.9026237111487726,0.7530891288855053,0.8943747361402382,1.0051249790691419,0.8151364016393685,0.9809489894437964
HSL.L,Henderson Smaller Companies Investment Trust PLC,0.7207606027213255,0.7858307780631822,1.092944417208999,0.697492795910504,1.2166167983219398,0.7425402700365984,0.7886613785051725,0.6224181980214213,0.8663055412981897,0.6825924269844064,0.8033785514873937,0.6706417376180542,0.628092413755005,0.6191955616456448,0.6722467153311595,0.4583016689030779,0.684591428350275,0.6703671325911436,0.6172569470040098,0.7806513424936703
HRI.L,Herald Investment Trust PLC,0.8652406418561698,0.8481652116457398,0.9203836035603575,0.9813057878153209,0.8862611911777245,0.8210614566878981,0.8495615615322808,0.7873173491597696,0.7956288297527633,0.7618224635170414,0.8018119942196478,0.7088394793555542,0.6964800005569888,0.7198267051774109,0.6833668995646546,0.5547958121073212,0.7892037309460868,0.8354768196736004,0.9270734003858889,0.7908226284026392
HGT.L,HgCapital Trust PLC,0.8667388934430342,0.7188704430919433,0.886421545723052,0.9819015330610218,1.0082553014860727,0.8267380335363042,0.9129921189171382,0.9298244474549102,0.779815511788006,0.8243000940813323,0.8510846837043388,0.8163520679231306,0.8822507559864408,0.8925209434462767,0.8863251009006016,0.699094675725047,0.7943411182606298,0.9437012954961276,0.9187771590703402,0.9234570813437881
HILS.L,Hill & Smith PLC,2.1400439951328694,1.3507216948869414,2.1282705097876153,1.7329210692747796,1.6408527431578923,1.5012287064045664,1.9987189504173053,1.8201114535949035,1.3935219359999993,1.09123125392607,1.0135303067865282,0.7931900377260979,0.48637556257901393,0.5912545637988366,0.6924145755890914,0.3618991555343941,0.5686888280153887,0.8568218588718775,0.6710209073292726,0.4400585022838591
HSX.L,Hiscox Ltd,0.42111229831858776,0.44073505218792725,0.2913979618692948,0.3397992889486071,0.43413524269191844,0.549201130612136,0.5834206169186725,0.4350493461591717,0.5657050851594312,0.4619375889020572,0.5546417972733,0.4085692649153386,0.34355610174948703,0.3638505871778775,0.31140713533595954,0.3334252394313974,0.384471585240638,0.4153305144639792,0.32899881039153217,0.17644448815196836
HWDN.L,Howden Joinery Group PLC,2.1622699612109457,1.5402016869337458,2.628713738534056,2.4629711176269846,4.325090954740292,3.0778572138875058,3.5841243202226356,3.237943240670235,4.870525885253018,4.045792765287951,4.375727789250946,2.484895908841415,1.565764353219694,1.7246138671350406,1.320931605590603,0.24213842940086072,1.3871232495601675,1.9017610975666162,0.649917009202978,0.8195168145514117
HSBA.L,HSBC Holdings PLC,0.051264893073957186,0.04223771392566065,0.04171895554493275,0.03535601117710488,0.05871473463647708,0.06463491457385687,0.08216473348516062,0.06778210923690371,0.06455679951945174,0.0691406540495942,0.07730315249476888,0.07213678779100796,0.05333621942689269,0.07317777729747353,0.0843001745157288,0.0463740697943564,0.08396627253786701,0.11341280030902191,0.12116074004002078,0.14635970348823335
HTG.L,Hunting PLC,0.5067028738794676,0.6332119418493005,0.37323740643708486,0.4516517587519084,0.6519676411657194,0.7383560467302192,1.0467049152708547,0.9741570477210052,0.44799179552724044,0.6242072986536497,0.9201373121819725,0.897294409496399,0.8498429953783146,1.1255578213717148,0.9340403825869179,0.6310056778374474,1.1032665164265336,1.0588550705295017,0.5110489646178963,0.37710676639524193
IGG.L,IG Group Holdings PLC,1.0014853862125606,1.0568573496335611,1.2051465151450451,1.7774248484126565,2.1219855668157703,1.8914903836648775,2.5276464511300905,1.8698487406384785,3.7868437978008305,3.9241286991407933,3.3410746787977494,2.903830824216082,2.8969440543877827,3.1930537637595755,2.411337219995242,1.4681643159826623,2.6472581510068562,1.6518460637928978,1.0657522986146666,0.4622189882057038
IMI.L,IMI PLC,1.782325143053754,1.3278054114001112,2.0865606984507514,1.6201375876117488,1.7598704195382688,1.4248018836476557,2.2591887051834774,1.7152950452395366,1.5210465233995554,2.5001494992061235,2.779278495592124,2.045418793110646,1.4081877017543838,1.8678627868498894,1.1943822060796716,0.5392525712741187,1.0006476522960175,1.452529682303969,1.4540565686785727,1.0405532855743884
IEM.L,Impax Environmental Markets PLC,0.8561170999556872,0.9596423162061647,1.0639730138426433,0.9802749736271272,0.9891320662296645,0.9471470091053473,0.8587901564528184,0.8388371138483095,0.8264925917375975,0.8274000892480711,0.8903854465338226,0.8109040399111781,0.816291373737842,0.904852691506881,0.9275910537202625,0.8511934654465573,0.9713665587123224,1.0231350270394197,0.9986345493495059,0.9235974281862485
IMB.L,Imperial Brands PLC,0.5640576507534809,0.6795462651124847,0.5281358087807614,0.4761284857780682,0.5771245389406697,0.7196226811005021,0.9827957455800073,0.9865696146728035,1.1116971570709404,1.0070391069315396,0.8155115684316495,0.8496958623393313,0.7981340115949875,0.6499665949510116,0.6282394044560318,0.5266786875408911,1.977694315501555,2.146946480852691,1.798534320667559,1.7140666483827478
INCH.L,Inchcape PLC,0.4139327678190217,0.4409798018294855,0.9811791057333965,0.7006619006492418,0.6345020469618836,0.44591716397783515,0.618033358952156,0.6745917142224562,1.0001922975235533,0.9953734037784914,0.8367553755212019,0.5865422577030004,0.41942630033816014,0.5294045237248148,0.4879442022965483,0.048251839189459085,0.6684623797543786,1.2214679179077657,1.0898103340087273,1.0943188180087393
INF.L,Informa PLC,0.927357040713285,0.7236458600340893,0.7614615934596343,0.848621760476645,1.001672589764704,0.7143224579644694,1.235041096971208,1.113608861356228,1.3000881941205287,1.046700949087669,1.2744361003152418,0.9224690383317428,0.7061231000998123,0.7844871172125365,0.6069664561761235,0.30245438757150384,0.6378858913908088,1.059599709254369,0.7778875660321701,0.8631206405835523
IHG.L,InterContinental Hotels Group PLC,3.0892193869113442,2.3903459602788426,2.523879920503329,2.3244811402463585,2.9971387378795185,2.5199078247932305,4.02472274443887,3.2093442713360534,2.454109367840955,3.386057877621455,2.8160863886882033,2.154390956763748,1.75953224368564,2.021872435494755,1.4309682313032768,0.7527898808306255,1.4413224210324516,2.3741071375840836,1.3291614192842958,0.8671172659281409
ICGIN.L,Intermediate Capital Group PLC,0.5398666141701838,0.3614149111332003,0.7401475308785482,0.6750537859907539,0.7114170772755951,0.4077301529998136,0.5083925822892351,0.3286317955961986,0.47945607729529865,0.49162620776194466,0.5102833482402893,0.46742799874818647,0.33399631389669193,0.4526463329000195,0.3898600497698937,0.18368610259192433,0.4563567471744397,0.6017709744618845,0.5834118111420912,0.5786547708726634
IWG.L,International Workplace Group Plc,0.23199213867973986,0.18187797563622993,0.34852061409967516,0.3853678392622192,0.43013595305379654,0.5465209555926512,0.8193250812145869,0.8523959286268502,1.3318539835337175,1.0042491090419565,1.2507380422641685,0.7918054443628598,0.6557669702069835,0.7110381329562505,0.783455229956813,0.3933610366490391,0.9344493678919077,1.8030375321702095,2.3944575889407624,2.015423584253538
ITRK.L,Intertek Group PLC,1.9369547393708109,1.7787063200229472,2.796083653906511,3.4857113735459313,3.351094873701386,2.9415515249088693,4.081158168972907,2.6174689641475983,2.4948591655754098,1.8654633093169521,2.631785851696803,2.715293920165633,1.8768142564493824,2.447361916479431,2.0832817413973412,1.2895508287679847,2.6026199954902265,3.0075222040378433,2.696170336821129,3.674937313047876
INVP.L,Investec PLC,0.08947645948113989,0.08741239003731095,0.07058143466957388,0.03636659618637998,0.09817771799067875,0.07643219688456444,0.09013092199720937,0.09735544272010163,0.10128522632776257,0.11904536064072091,0.08554941494002977,0.08147261894100437,0.059302054906975314,0.08740686984687694,0.07660058386573258,0.058314060497758634,0.09107250408212714,0.15512338049840746,0.13469358762188274,0.1221618328638208
IPO.L,IP Group PLC,0.42669275700269266,0.37040692268423386,0.6856029639120957,0.712172333034636,0.580375598093695,0.8375671959295085,0.9059465449310139,1.2704171929553763,1.432939767764279,1.843978641624458,1.8773999486800224,1.6643287785047456,1.288074109270927,0.44883726996547524,0.8490698222481052,0.7745424704871045,1.2746350069444445,1.9518337504123153,1.8530404195594745,2.817381006024027
ITV.L,ITV PLC,0.6118741441095681,0.6760888380358422,1.0495494962186318,1.0875631214753354,1.703578442528028,1.4746840899967717,1.9868929961437491,2.31885140285124,3.649387686202522,3.401130971923035,3.010521910701615,1.467707649931527,0.907374846048099,0.8757105080602692,0.6664351635510637,0.47552416980083123,0.5806497914954528,0.6777815717255753,0.7669850585097882,0.7606967727224947
JDW.L,J D Wetherspoon PLC,0.5259839020392441,0.273033341313857,0.6713804086909412,0.6649923820499359,0.8026004003707811,0.7950795033734047,0.9263211336211703,0.6429742606693295,0.7506930945763662,0.7834051256852066,0.7778790227503971,0.6635123195049359,0.5194551682678364,0.6045376573977892,0.6791342348272195,0.4487537628637117,0.6129515196491507,1.178393496525575,0.6647074587580846,0.6546002520997799
SBRY.L,J Sainsbury PLC,0.28775997029445965,0.1960950135002118,0.24457080458764097,0.1961498551430068,0.18505452045687332,0.20423911860184935,0.23450229767658284,0.2791467317073945,0.3005247284104679,0.30162279499910444,0.41746105577195886,0.5519935269443647,0.45192509781930434,0.5918409087957943,0.5940786615956174,0.5788605130453368,0.7336123678710966,0.7321043307081858,0.4167272724053194,0.4062039889362932
JD.L,JD Sports Fashion PLC,1.0773853253011396,0.7828715426016061,1.5852500333057573,1.61802184493795,1.8838258869596463,1.5008213456665562,1.925440795357865,2.5803916630577746,2.6493120286186427,1.4979025810670725,1.1914123708361322,0.687054427941739,0.6149204672569502,1.1386421872230552,0.810108797803699,0.4027419886956636,0.8766677645856172,1.0703963704193358,0.7374540388248634,0.6659521461687902
WG.L,John Wood Group PLC,0.19784102485302718,0.14750097574895937,0.1864162950716282,0.2972097940203064,0.2915715611450855,0.3744584912752537,0.48936988778377005,1.021830416057084,0.7255368312931119,0.7982445863407782,0.9840359470488773,1.0588105236383216,0.9526212977318964,1.551356462636051,0.926665305391981,0.5186555413226938,1.8239463016778505,1.296704500799056,1.0561856385019326,0.7988350988536376
JMAT.L,Johnson Matthey PLC,0.4956193511979885,0.5445125459642519,0.6108967650509773,0.6013763026450399,0.8410491378771268,0.8915796416389306,1.1294444729475415,1.2974250285084241,1.3774971549661437,1.7505394006804418,1.762481571048987,1.4710291428086173,1.1715055170047757,1.3090096531328266,1.2101090453019725,0.8908085818053098,1.5586833431464466,1.4724363587477094,1.418932391809323,1.2250979409943783
JAM.L,JPMorgan American Investment Trust PLC,0.9545431520168148,0.9133027638607685,0.930419879721742,0.8732217129681114,0.9226921958511456,0.9478594283514818,0.8624684709163029,0.8837407614374957,0.8474191136911019,0.9139710516788049,0.8957263819322996,0.8840145646917621,0.8798917323918674,0.8448140911232237,0.799909384381077,0.7662881246508244,0.7638919008964932,0.7819870107425918,0.7692816276465663,0.7580069390294006
JMG.L,JPmorgan Emerging Markets Investment Trust PLC,0.8879990308400131,0.9036851182493882,1.2189342264337486,0.9071162532178945,1.0531179103481796,0.8030154375043869,0.9304140014153578,0.7319864350948436,0.8273670141578523,0.8822885862668104,0.8387178714263022,0.9641748785180403,0.8439100335793597,0.872664606789213,0.9260500282515902,0.6672588432998577,1.0240324129341625,0.7625856989957858,0.7151332875451706,0.7439402588043341
JEDT.L,Jpmorgan European Discovery Trust PLC,0.764549356712533,0.6784658218308834,0.9794397342027298,0.8239221302292251,0.9936890186157328,0.8001998180230786,0.8117765275817205,0.6717489975069919,0.8877170777090438,0.7129476697753332,0.6975376650318607,0.6700996548731823,0.6539364079524574,0.659762428275147,0.754124843447814,0.90435529199614,0.8706977316018439,0.7974281871767496,0.6560860603679108,0.6044779949379039
JGGI.L,JPMorgan Global Growth & Income PLC,0.7308528448493882,0.7775280128854732,1.1257687793401854,0.7743336366912109,0.9696237019986169,0.7922195140396241,0.953817846964624,0.7836085166026008,0.910615192374985,0.7956732366250954,0.7978342489742254,0.8034070275698788,0.9001040422557289,0.8451074443677185,0.9358727004850422,0.6817593657049038,1.0512369384362747,0.9444703784763651,1.6909460072407976,0.8509018428524608
JII.L,JPMorgan Indian Investment Trust PLC,0.8927868093298156,0.8353379927029286,0.8089757168907509,0.997149587604674,0.9667414961546292,0.9292172787434453,0.9609437024271743,0.7700738806901711,0.8277770379233471,0.900909047467655,0.9120721613049634,0.8300657272660055,0.7762575573375742,0.9096082189179491,0.9487928154946508,0.677257115032886,1.0045803152918191,1.1224624294914587,1.1171364165014979,1.1895201382896607
JFJ.L,JPMorgan Japanese Investment Trust PLC,0.8693039684502352,0.8943703422094126,0.7932319112049968,0.9988893047347867,0.8559922011125554,0.5958888320186911,0.9155404146936692,0.7267991035785532,0.8587848516074318,0.7517866351339495,0.8080341388367218,0.7908923450316145,0.7914426815797143,0.979431788203366,0.6716029221634886,0.5692090069992289,0.621357286915373,0.8181297971862073,1.01508282646322,0.8173415536835902
KLR.L,Keller Group PLC,0.3818244187682586,0.3420684223514903,0.49145905988271815,0.3975594052374183,0.37929066732159195,0.24613476453488367,0.505552653725632,0.43695614271530275,0.5570092993531284,0.5938880143953023,0.7926035757443098,0.5423481661700319,0.20860981723256705,0.4922933905224798,0.5297131076584034,0.431998228104116,0.7450670509392471,1.2819644744796128,0.7065518882579812,0.48729688039188157
KIE.L,Kier Group PLC,0.13910447574188187,0.0759559510414458,0.243620562466028,0.05481862452421882,0.06680613501030276,0.2516368276777055,0.3861501753424898,0.4513400883393026,0.5945136377365886,0.29856301787393796,0.5353849457614374,0.4976442410791566,0.45106359335407487,0.4416457430527283,0.37058169818397385,0.28005829512675506,0.4348329442074587,0.6793783832777179,0.42430923032277246,0.3260369405178001
KGF.L,Kingfisher PLC,0.38499123518403483,0.37138687224769396,0.5723248267054762,0.4640785740733242,0.38611607665398745,0.34224511659766543,0.562774820187001,0.7531594019073183,0.8070108290084522,0.8532953531547809,0.9376748043522161,0.704512019504285,0.6075510671470994,0.6376672485168984,0.5543211552343195,0.31415935668264283,0.3663924740227305,0.6444810709876841,0.6492518882426487,0.9539441157891455
LAND.L,Land Securities Group PLC,0.4964192374000726,0.4121580306003033,0.45990185276244533,0.45110027468693964,0.5457969236869196,0.4160558089612495,0.4980023444336314,0.5583860725646013,0.6372441382281944,0.6461999452484987,0.6187863658402957,0.5753310661728528,0.44318730665980766,0.47132176771638495,0.5667291042309229,0.3915964474018511,0.4217306152021912,0.5734549526939957,0.5499383218401841,0.6271163444009689
LWDB.L,Law Debenture Corporation PLC,0.9888994280487394,0.9841398008329607,0.8993427040513103,0.9219584824742073,0.8430883525471544,0.7949198152659258,0.8417578327662972,0.7785061956513633,0.845234126369631,0.9401193174015399,0.9470367548709576,0.972970780970436,0.862852154022601,0.8859262328708031,0.8318105068099649,0.7895287818400532,0.8854751805392629,0.9011786603713571,0.8220641623869156,0.8057555669016169
LGEN.L,Legal & General Group PLC,0.028758599605589054,0.029035314088861522,0.03060185012900094,0.027841015298880733,0.0322336745577598,0.02795715603834998,0.032287462332206404,0.03151256782495388,0.040148426657930024,0.03696926167480627,0.03597484109636252,0.024859910293808078,0.018488254930606244,0.017537579623549366,0.015906555004241773,0.01753469483446619,0.029339372366425427,0.047211196609368185,0.04136304557892273,0.04653141734762958
LLOY.L,Lloyds Banking Group PLC,0.034407821589285105,0.03498468467362536,0.03852315444703431,0.02962782640982744,0.05250415658693617,0.04626180430352607,0.060317998557180445,0.054556253198132745,0.0646505072907489,0.06330075956335919,0.06682901098110189,0.036078024846369294,0.018162376004198462,0.04510475572300012,0.03146959605706322,0.0268141799880284,0.07940085181210457,0.09846684762267217,0.09365889251741707,0.09526159056975214
LSEG.L,London Stock Exchange Group PLC,0.06234918955468876,0.04737476002662959,0.04907211949679159,0.03729765168253559,0.033727401023578636,0.01677962726113654,0.01772517463977469,0.018073670449499056,0.02063526937747817,0.016822399767335877,0.034315342080124246,0.02922926995215576,0.017685304941538513,0.02708053060520216,0.058325922192587636,0.052018348977621566,20.87328725070207,7.609249640836147,4.033005535708861,3.185198342428133
EMG.L,Man Group PLC,0.8126593357746268,0.9936424693627633,1.4672795514204584,1.0531442424612654,1.1537459975824447,1.0102922243813701,1.5427209993821027,0.8321714349198098,1.2984556636493358,1.2926294211982892,0.7938352288778224,0.5331613539372165,0.5913157352626975,1.438043243000688,1.5314726726298975,0.9427871642465812,0.3517931440931877,0.6112847824058055,0.591774788225278,0.5376444057695587
MKS.L,Marks and Spencer Group PLC,0.6241573138940703,0.26119261082111805,0.49520756296075463,0.3052208458054789,0.4349321156664852,0.4430311459019309,0.6531125716863663,0.6743153388023934,0.9024136834129082,1.0000739263139018,0.8804523116221246,0.8637098831070081,0.6577765110768083,0.7703969560773208,0.9429586685133382,0.476378734357918,1.3099267936614505,2.247976523739436,1.5910995436696602,1.2410969482012248
MSLH.L,Marshalls PLC,0.6344086042832757,0.5717015491344785,2.324540728801019,2.4337879129647177,3.058200061148052,1.8100468621721604,2.1885011268450105,1.7508897566786152,1.964578796932984,1.4771228144550541,1.0884783772035718,0.5604798101816315,0.4716537710598533,0.5885867074898147,0.43391180857564216,0.3218345908963704,0.8258858229217161,1.3612952022272589,1.1857605128589317,1.1688825151835627
MEGPM.L,ME Group International PLC,1.4844196640587703,1.4049873399812802,0.8622060580872114,0.7293309697102918,1.3330121217604483,1.3081921094357845,3.675204212634697,2.738507155839999,3.4725480142729475,3.0396490596275614,3.350253785982089,1.4476702920362146,0.9212868519332138,1.3726070893921132,0.8420031966693761,0.13045837578810604,0.5022237106173965,1.4750618229289474,2.052567210132697,2.1051097030860393
MRON.L,Melrose Industries PLC,1.0913286608737183,0.3898765223096448,0.49861037850000006,0.5185925036943357,0.6395104257764763,0.401222316374773,1.309437175715554,1.022483250136338,0.9686352596674248,0.8980431683841602,1.0529678973844951,0.6361598708898879,0.7461507416222283,0.7218466660556005,0.4380379528537204,0.17030558304367563,0.5092615042681464,0.707109514715797,0.5288389113267672,1.2182857142857129
MRCM.L,Mercantile Investment Trust PLC,0.7885323987510431,0.6760935280762409,0.8435806928640976,0.8626841892233503,0.8802807206136729,0.6960720081912384,0.7693875408295359,0.7665159860435053,0.8866972642630905,0.7649847114994323,0.8173359536878819,0.718436185389028,0.6437720422189764,0.7262950179895332,0.7299168237329894,0.6965198103119686,0.7666558535834661,0.8061261064537752,0.7120068832852416,0.6968117548557444
MRCH.L,Merchants Trust PLC,0.9202222778296734,0.8337884714918056,0.8590775903864158,0.8316458279077722,0.8681470014944461,0.7521361511883312,0.7301320947528102,0.7339239988286737,0.7967987691282187,0.7909771531548502,0.8299496447174285,0.6787770838411818,0.704154931138463,0.7469646923082259,0.7143969960447737,0.6965649577351847,0.7696451069136985,0.7554083360178154,0.6757146845498578,0.7135932937223455
MAB.L,Mitchells & Butlers PLC,0.33488949234881826,0.18554445067422054,0.29002734693952964,0.2167515708617651,0.43497443018368764,0.22130940045761,0.24440239585210272,0.1987927139679108,0.2895209830809804,0.3191585934508646,0.39812798983645714,0.3030255866296842,0.21456667165624352,0.30677584270609154,0.2147916618412747,0.10327646890831402,0.3028336961607402,0.6583767922402943,0.5216064031085021,0.4881654239412486
MTO.L,Mitie Group PLC,0.6975768342821929,0.5457248714110321,0.5209407672071077,0.3545195755436974,0.5298833535606028,0.40270105476308693,0.7690407438972439,0.7323357293983761,0.9672296627428492,0.8912582518378894,0.9246148185165737,0.8264548590446564,0.7775288338176598,0.7518678968203096,0.9662618135290058,1.1361172067428862,1.3973052023792725,1.5033713295257582,1.1683312551761496,1.4518863220111464
MNKS.L,Monks Investment Trust PLC,0.8282108904389428,0.8083032558792009,1.292133800865301,0.9217627726432704,1.0521464565706267,0.769469371393978,0.9109613074844525,0.7548435750937322,0.834858047536279,0.7702318352151938,0.849096198539381,0.748419045169169,0.6548210813915596,0.7044258603307944,0.7414131396741932,0.7320941283549404,0.8277517935596775,0.6963626391563716,0.6421276506714111,0.7422557092273484
MGAMM.L,Morgan Advanced Materials PLC,0.7881302488923563,0.8796320810153868,1.121152226827404,0.9537889980440633,0.8622024990087671,0.7254141475912675,1.035337172769706,0.7836485574444331,0.8238102103990663,1.0175735230146248,0.9954621469766419,0.7762730373902724,0.6897999330996722,0.6416922540650403,0.4089036121765332,0.2812803841511876,0.7626027290339088,1.1560735592843199,0.9874706581796604,0.5841615395732297
MGNS.L,Morgan Sindall Group PLC,0.5166637516008223,0.40372143423985785,0.68437971398454,0.47704765427918877,0.5068347709766159,0.3530788627514563,0.5097686322796925,0.3045960336138292,0.3167361099623159,0.25863206897205154,0.3383486392831247,0.23428368769845395,0.2570679745361547,0.2976609798611787,0.290675155460771,0.23663034934010213,0.4125718533444671,1.0058225985842477,0.8220826106087114,0.5506010422091692
MUT.L,Murray Income Trust PLC,0.8467608509250258,0.8284285086799712,1.0554351262413262,0.7924884966538235,1.0875913361073168,0.7584250482750968,0.8817483059145249,0.7359356289179866,0.8941395584531987,0.892487138487067,0.8729911590651438,0.8794807671846172,0.8521128513235182,0.836091307927833,0.940647413875091,0.7837677445586885,0.9363172343811408,0.8140561963451458,0.7820542769078487,0.8666812823885356
MYI.L,Murray International Trust PLC,0.8840340032484162,0.9165792736604197,0.8250924384227231,0.8721976082061337,0.933113702242278,0.902491196108785,0.9067458763368249,0.9259495702211729,0.8270486237888085,0.918572605077147,0.9273359920328835,0.9428655862254993,0.8674755771238271,0.8635156785903343,0.8324174824785956,0.7228689744563803,0.7968027343269615,0.826847318538354,0.8007848837735574,0.7320163733264763
NG.L,National Grid PLC,0.400187047102317,0.3863035072310728,0.416298383548615,0.44955105601562684,0.5194895795934936,0.4038390516884751,0.4844875791863348,0.5337361146506965,0.61130965557911,0.6582593936156236,0.5575716423111183,0.4998189207667775,0.45608164024104475,0.40541634534907206,0.4082053260775469,0.38137265643080387,0.5636278587793512,0.7023963598648767,0.5891660928588449,0.564291222587804
NWG.L,NatWest Group PLC,0.027887922004905606,0.035622625069304525,0.03256889889200501,0.025434365017480566,0.040193770721048204,0.03760877466674248,0.04506634924360736,0.033249389613630935,0.04305351802572457,0.04302633293387076,0.037179041069089994,0.015011588802803514,0.00793188355931388,0.01571269182356307,0.009701695513507344,0.008115773642476091,0.024134558389877624,0.07234791318999044,0.07190900345089692,0.09471781846718862
NCCG.L,NCC Group PLC,0.9311208088972995,1.2105564305714291,1.3473554682941078,1.573467470321503,1.5393530519834189,1.3244044733661053,1.8623399970671723,1.2905701691936349,2.087560975255412,1.5631834417970274,2.4039177383599943,2.406186092135204,2.3424369448655327,1.4739514100980495,1.4918153776168883,1.1447692908465266,1.8646468276973414,1.6209450700314654,1.6701155489267092,1.7869733528448115
NXT.L,Next PLC,2.196305702799948,1.838308559961968,2.746625808669951,2.501548730405547,2.581036181353198,1.4394746287094136,2.4599612425531716,2.9961583759664383,4.948342993027753,4.746750034503957,3.957721700236453,3.2480159965931015,2.4940561518183393,1.9868402190156595,2.4473106772275757,1.2817292115840688,2.0543987326491506,2.6001841556545244,2.49572946317835,3.3494661240742736
NTAS.L,North Atlantic Smaller Companies Investment Trust PLC,0.7546907695072006,0.6834396299249962,0.8183607794595191,0.6975245294631441,0.7937862189136119,0.673492460604687,0.7434171029776848,0.8394758492524078,0.845934933066725,0.8243893739220659,0.7656089394714157,0.652584192427574,0.5271676812914584,0.5456764950742747,0.5068837536855243,0.47521068198678507,0.61325754493557,0.6080129017622442,0.5436078736523499,0.5858361722331685
OXIG.L,Oxford Instruments PLC,2.2090214632865393,2.235745784341811,3.0384310508884846,2.5201262492095187,2.0347780687711983,1.332832289131078,1.363659546146823,0.9963222265042131,0.9890714276665731,1.6183162175716548,2.0765994632347144,2.6602405777250477,1.787609349480252,1.6346459530755375,0.5420252669591024,0.37358599571125034,0.5612468604581139,0.9157508050364999,0.7718011271776603,0.6614271017665472
PHI.L,Pacific Horizon Investment Trust PLC,0.8135008178759814,0.8582937123893983,1.4496773627808848,0.7341059298685644,0.5976456759661282,0.7901634697629587,0.7811853307515944,0.5744002471192252,0.8708292063486774,0.8808992054688123,0.8240103662105951,0.9366467429027947,0.8476338514819969,0.9341783736553194,0.9149145528024284,0.5541154819197078,1.3214102822713716,0.7195425691059986,0.6772669026088372,0.8381450510124828
PAGE.L,Pagegroup PLC,2.2714057421647706,1.90653654306215,2.873592478373518,2.3343485213859614,2.4496419293556926,2.615941220008415,3.056810715178914,2.7889381948978538,4.01455679389499,3.5397589479209164,4.189715957751346,3.4727372555371114,3.0331667961774142,5.297529233627528,3.51135555520864,1.6005489569621694,2.96535690828628,6.9635062501561595,5.6446967632252205,5.164948971908706
PANI.L,Pantheon International PLC,0.5861945252289004,0.540310862554109,0.7878122036525965,0.6787030475272336,0.9194947982549759,0.6747743895926254,0.7105365604857492,0.3936846741109609,0.40430933564856686,0.41886458239789365,0.3724699438935959,0.3648178458526159,0.2678882782293289,0.253429064243722,0.20649640971210712,0.11487927743351467,0.37771396732844026,0.34575679822187183,0.4214790848210624,0.38499843915179593
PAGPA.L,Paragon Banking Group PLC,0.08637875645174921,0.08579583397171635,0.09396623956056509,0.08561776661523623,0.1036048013233101,0.06804540318352714,0.09577891970976075,0.081312777725267,0.08587921909398194,0.11230108104789498,0.11228200177662731,0.07769468476404305,0.0520261441868377,0.05018750114686947,0.035377898739786855,0.012021101082693074,0.012330387871694208,0.08918049098257481,0.10627193207827271,0.10910855568053097
PPET.L,Patria Private Equity Trust PLC,0.5732385809270976,0.6155399217769977,0.8561931867847992,0.8394886993718964,0.7911178122700222,0.7354703051530393,0.9091603512502341,0.8004960762320072,0.7291986264190038,0.8096807517773587,0.8564188082961249,0.7384174340428107,0.5137747272711106,0.5942193674661845,0.5457754638291478,0.20832596540914142,0.8710985723063931,1.1765179735942306,1.114401877187321,0.9987711285669801
PAYP.L,PayPoint plc,0.7341708269148179,0.7189140990233679,2.0287626712983413,1.5635137499366045,2.863125573629878,2.333748439449397,2.285829226241223,3.372419709455493,2.7454523997174265,2.1057433279312465,2.3203408569239117,1.8227962966028848,1.5908511285413403,1.9689605358881588,2.667202558801393,3.1072865112328305,4.403619257839288,4.973602985677278,6.126483367806625,4.179060806960129
PSON.L,Pearson PLC,1.0009548195350082,0.9184841204849811,0.6319909632640611,0.6878492778086188,0.6512379317294135,0.9272153724387093,0.7490399344421941,0.6684944344113848,0.5193867298324006,0.8560680273142085,1.0042231995489923,0.8553361300775475,0.8777025619530386,0.7678841357480306,0.7675544217392657,0.5241850622968861,0.8111083713274835,0.8619498845424932,0.7280370380756574,0.7666447844169968
PNN.L,Pennon Group PLC,0.3178320579119151,0.43909233617278093,0.6096853437280249,0.6195455366631452,0.6813231275238257,0.441450583541876,0.5139775531914774,0.5693435676244725,0.6435093347845642,0.7125310685787865,0.48654032269538483,0.5107314837504294,0.5842778188610616,0.5372922685709084,0.5178292072115355,0.49686918197492,0.679496436166093,0.6781808789162616,0.5531842059411509,0.47921347224501604
PSN.L,Persimmon PLC,0.9266810368519998,0.7719684089390362,1.9023698713409352,1.9096930180766103,1.9144230226872763,1.3175632945589768,1.7764639186133528,1.321484242551755,1.6266640790596008,1.440856087232965,1.2487068184193983,0.8654912821978489,0.5518690563801678,0.46072251892534727,0.5045617749821152,0.21867567775531788,0.5777202088395924,1.2146640076187432,1.35740236590917,0.8273697063270661
PNL.L,Personal Assets Trust PLC,1.034713965405154,0.9487193449004442,1.0376604169336612,0.9158849806483372,1.0394608924789572,0.9154726964120886,0.9930895649856386,0.9045091944813749,0.9337575772944156,0.9895738746286216,0.93045469848686,0.9744096713253219,0.8536767954180252,0.8603005682298118,1.005348485961873,0.9956592907836659,0.9329212705484159,0.9824757820391593,0.8936943923661542,0.9869132857580218
PCT.L,Polar Capital Technology Trust PLC,0.838070689052802,0.7358373882696588,1.2482760572870597,0.8951865552612818,0.9251816421077798,0.7109205294225877,0.9296827503890246,0.8177945009401058,0.9843759540391743,0.9559522737839447,0.9625523293149228,0.8798274564918159,0.7392083073164487,0.8638966066145697,0.7879975453237771,0.5899609257653462,0.8383760424271827,0.8617292044071788,0.7564930852056995,0.7342323412775663
PHP.L,Primary Health Properties PLC,0.4907427039753797,0.5169611153387988,0.7072982762924532,0.7453051457639707,0.7562291132354074,0.5638171940885072,0.5280930022296714,0.5416593285674631,0.4381607684251856,0.39438195986099345,0.4078919076178366,0.4048456865877173,0.40918193092456223,0.4417183830785191,0.5095683905173676,0.3019636917244376,0.38267499183423026,0.6546731160440904,0.5206727823499309,0.472235194170966
PRU.L,Prudential PLC,0.17864420603757714,0.2340345789709078,0.23784682908614327,0.09312251708526072,0.11002424566272968,0.0715913804241983,0.09980673428947538,0.08928153629110339,0.10177211770044105,0.10376721809000512,0.10526462463035181,0.07193518432138381,0.059645695603508915,0.06539201014352135,0.0711497679901897,0.0482494082769657,0.08016391435639558,0.078967145999203,0.06437235941825865,0.05977871988565425
PZC.L,PZ Cussons PLC,1.0102960125820686,0.8838762109647017,1.0049836015462095,1.21571976077477,1.122990747743362,0.9727914922481918,1.3908851482754179,1.227379346052493,1.062952712823462,1.223542694371315,1.5908294970945582,1.7377111768442466,1.6211909305005736,1.7358776013701422,1.483474153501968,0.8340706549756942,1.3097550483563551,1.2937067459573655,1.073390812910465,1.1004174181487392
RAT.L,Rathbones Group PLC,0.3734589776252258,0.37416911925620694,0.37598996178501326,0.2626493895778159,0.35322278877958635,0.45086201972855106,0.4783924503349931,0.4177539505443599,0.5768237021042222,0.5867853234353967,0.6068383918059933,0.5235476785695438,0.38959527773624647,0.46154873409964914,0.33394527754636,0.27259634587282094,0.3654296315982993,0.5549705703694521,0.5878945523275542,0.5755400919046002
RKT.L,Reckitt Benckiser Group PLC,1.4259804546211676,1.432850485689236,1.6814377518214214,1.4900654925073507,1.353507321657798,1.1208853959092575,1.3153810629459899,2.675043078513796,2.9128940890417803,2.4159717052658736,2.277386337644072,1.851752915973711,1.640249677445849,1.9054350311801573,2.7896015523842457,1.9899256142147663,3.5356274460088564,2.9130605220742667,3.3038376529788795,2.849478461640707
REL.L,RELX PLC,3.9342404124555914,2.7681330172619942,3.353472448839654,2.4484278167709457,2.678726479974972,2.2734942543520926,2.8338175434532893,2.156442443125429,2.2617262909819864,2.1507186739750614,1.8904728077763053,1.2969327172351803,1.0213711669178864,1.10467875188305,1.034132631444929,0.8464370734700849,1.6623357547146997,1.5945747935325936,1.4210413668586601,1.4325905875962994
RWI.L,Renewi PLC,0.29507360914575953,0.256720699927338,0.37963001926611306,0.19599996017779553,0.1635522088377257,0.1519808696490353,0.43426203981943673,0.3096862100139649,0.4653764672366416,0.4349885725458494,0.4246792514931435,0.3634939158505791,0.3548982489841015,0.47995936834747377,0.5096083779563326,0.2461843893798164,0.5765065672728171,0.730545688180394,0.5681147317045562,0.5621352114786566
RSW.L,Renishaw PLC,2.4941202180844857,2.436241465764654,3.894435882229008,4.838366794380482,3.826614728775544,3.998099109497797,5.2468049055036,2.765766546568924,2.532573930853625,2.5023758918529784,2.9897945870079305,4.08301769202592,1.955390563620217,2.730954177620271,1.7572012416761895,1.5492541996483635,2.010179722471486,2.629111014534169,3.3465146849301735,2.7928473368998223
RTO.L,Rentokil Initial PLC,0.9993130055792172,1.0737965623049832,2.511740305706561,1.6925508748974565,2.468029204410205,2.0171081479733894,1.8800781377546112,1.5985440649008995,1.341261298243704,1.232352765905276,1.0520135732106266,0.8763586393242081,0.6296452156270489,0.9721902024196476,1.0441730378390757,0.33314933657640994,1.1192831160021417,1.6782492370856592,1.9031195278690651,1.5104753934090138
RIO.L,Rio Tinto PLC,1.2298145522001758,1.2099342028933493,1.0650273795904701,1.2913945149679433,1.147978624202672,0.8944990428103486,1.001545369122201,0.8054842047077322,0.5884803249483062,0.8041678383218089,0.9567565699601351,0.9323798188569872,0.8040037598600739,1.2841575518933876,1.2776003355942243,0.3797480673854033,1.5710747131943696,2.3563370348881314,2.413381464051921,1.7743016637421052
RCP.L,RIT Capital Partners PLC,0.7115931081622708,0.79548406868033,0.8642934784353059,0.8002265585980948,0.9662239171496823,0.8816295258200626,0.9054411728009978,0.8718773556286652,0.8580442106489202,0.7550567063528495,0.7923205952641152,0.80780195160193,0.7968563463582944,0.8712471762995084,1.0259715900411812,0.4713862443969327,0.8036144075575034,0.9298074061091741,1.0456210706648585,1.0560741994591065
RR.L,Rolls-Royce Holdings PLC,0.8004836530855858,0.26480816277582336,0.35858628653425073,0.3153759409920543,0.4088687776116031,0.49390704533697605,0.5582355640233472,0.5100320423402411,0.4735872487121478,0.7369467848812036,1.0394898336513037,0.9012769548553337,0.8510181872727282,0.7183186166212882,0.5812806924134354,0.4005999100172655,0.8671182752840588,0.7386361428354796,0.8067870009416274,0.5189373349149607
ROR.L,Rotork PLC,3.6015924427862167,3.6055294484962417,4.608764014458129,3.6424780051408425,4.0483479358341325,2.845934282808672,3.1445168199849958,2.7058136022636896,2.2659444433939537,3.507220535734416,5.14303880410744,5.320673741712358,4.495345620879206,5.127585430257835,3.8736068510145683,2.767131339664569,4.84075339724552,5.003689899663264,3.9510960709551792,2.79426806642338
RS1R.L,RS Group PLC,1.3512756026298036,1.6316796529385147,2.78473230550393,2.1973441793294017,1.9957840885282578,1.5732537381387761,2.41274793078002,1.9456997143144765,0.8837883062480084,0.827058798616872,1.4770260907995931,1.2965403736550707,0.9373621303856542,1.4278729808152837,1.037528528847884,0.8703518020003971,1.3258257283772443,1.8921468493999936,1.72214758728119,1.8583265433952076
SAFE.L,Safestore Holdings PLC,0.6829790916692308,0.8009293577066522,1.3863796087257243,1.0212568645239175,1.1814870759968357,0.8087043709189364,0.9206024711826271,0.6898660845577617,0.8171720465505896,0.5813547329708474,0.37691634679680713,0.2581592861180055,0.21807167151573034,0.29044406492991237,0.388482144830773,0.12071526446753467,0.4290789775530422,0.06172904588099353,0.07825902975644213,0.16506661594041808
SGE.L,Sage Group PLC,3.1879959704451424,2.1244788033016135,2.6278561259789863,1.8177745275480979,2.630959335453666,1.9273803665169753,2.7181535934498333,2.532217654677338,2.764914396170723,2.2349284140936883,2.0614194863608124,1.441308795901989,1.4054879559409625,1.3159065683841984,1.0650686905790665,0.7199703085868784,1.3174643144906135,1.6623223223124217,2.1420391185207293,2.0747519704651896
SVS.L,Savills PLC,0.6473891465991072,0.5131248210524044,0.9034356193290016,0.6979950643988958,0.9843551071839916,0.7221768726986827,1.109193559035106,0.8535530655264072,1.2274655485679733,1.0893823786223216,1.4190308011123836,1.1331790143453797,0.8553781413627417,1.0100385360182071,0.9350485531914898,0.6228760295344178,0.686408744791668,1.9831262210708112,1.6730079382472451,1.1911836275199503
SDP.L,Schroder Asiapacific Fund PLC,0.8854835393756972,0.9547284468625985,0.8963767975356156,1.129440181147302,1.0334073917835893,0.7508640362515435,0.9291831858846313,0.7764070507047045,0.8573545204881108,0.881635882542339,0.8502323078832041,0.8204186179529541,0.8960780516294561,0.9590842864374811,0.9547219047712422,0.56507417264915,0.7735509032000445,0.9170467097109141,0.7867542139870491,0.8997277407204334
SDR.L,Schroders PLC,0.3359508013502892,0.32944755697317973,0.3840673215100023,0.40757992386875885,0.42130366196123326,0.3406294413348065,0.4164065133694122,0.38342508401040803,0.44233126282465746,0.35776144458822795,0.4081023516353091,0.30206053028180185,0.2570182760853596,0.38373568502680666,0.3563226450245901,0.29158655629598457,0.5425187400468244,0.6315984199377794,0.8323926688962711,0.8044973182690509
SAIN.L,Scottish American Investment Company P L C,0.9237834984346801,0.9511758572602934,0.9237329088996228,0.9245844282540225,0.9165878590024626,0.869057642182008,0.8557928108758006,0.8330111850960986,0.7979611119271646,0.7665122714556667,0.788525203838696,0.7398061157516275,0.7182901552105572,0.7727835158416205,0.6521289597735223,0.5897282029054189,0.680102460820445,0.6877133354293934,0.6772344470025896,0.6066206181318681
SMT.L,Scottish Mortgage Investment Trust PLC,0.7874265737375831,0.7528672515188526,1.1779455839830004,0.954928242794787,0.9837165707331492,0.8159464180159264,0.9085957489515086,0.7758256633882891,0.9392790401176,0.8428435801557407,0.8486237507643457,0.7838734391696861,0.614251631394458,0.706514009038533,0.7121506844398378,0.6828542907061762,0.8046793748636557,0.7122985966099566,0.6843131399707826,0.6749316702594028
SGRO.L,Segro PLC,0.6287699292324068,0.5323210877364524,0.9713353811229845,0.8914379777570733,0.9758400778660458,0.6506421108055767,0.7419162603193411,0.622552904822466,0.5769907473828734,0.5710817926275558,0.5830836710949078,0.3937539415716294,0.297744878809904,0.40087890514393565,0.4584848937140584,0.2109680239463341,0.3644001459685296,0.5801514590633817,0.455558439569161,0.49863611203687713
SNR.L,Senior PLC,0.7559997093595894,0.5375283433964566,0.7447668518965904,0.45947052680127426,0.6867827102737014,0.7752296743515151,1.1500030918952477,0.8347083619276823,1.1185407247765013,1.719270206537371,1.9348112405087923,1.3231592672176782,1.1672158856609542,1.1987410150833335,0.6458682821590174,0.28275635187477316,1.1683966399643861,0.6827943433105343,0.6574641755040682,0.4924417316653479
SRP.L,Serco Group PLC,0.6853036091200251,0.656871586988582,0.5996488034557395,0.6114964366323712,0.9525119030984904,0.6759960160736301,0.7126795870075443,0.8921243067103037,0.5643593329953803,0.3969017195148173,0.8874065117248747,0.9269288904414279,0.7406189120769304,1.0885345934743749,1.0270881724274152,0.8729245659806539,1.2882370377398815,1.0924285131447709,0.6893753891025947,0.7339269592396966
SVT.L,Severn Trent PLC,0.5476199333678534,0.5384144790729949,0.6576272686551233,0.4922153743156362,0.6004523628669671,0.41308498193670323,0.5224757240167546,0.5699218359245974,0.6238659666167737,0.5979691085212544,0.5131018518730162,0.5001357494118089,0.44701896476609243,0.44584015419936573,0.36694337738763677,0.3819279098008903,0.507310214776056,0.5457671066749721,0.5241329411493503,0.48926670135739575
SHEL.L,Shell PLC,0.5254532105360573,0.4445811981631672,0.4171133221160397,0.3612715199612174,0.574955856975879,0.6097508932747061,0.6882390509120725,0.5586377155031257,0.4319338021322977,0.6105738685056554,0.649314585895763,0.6332115865204143,0.6967721353382869,0.6412446513962953,0.6365590599147686,0.5700477905133055,0.9825351582164878,0.9650828202036885,0.949221343579115,0.4374450549069124
SN.L,Smith & Nephew PLC,1.2005789700800542,1.172603354825025,1.409885436183132,1.6442229175529242,2.2864637053862564,2.029548170977119,1.9352717673638573,1.796229228794812,2.227031875077773,2.2637438434690664,2.1867026491525348,1.7694059673978784,1.8287740227934084,1.9845985150486753,2.0054392312093605,1.25660849771823,2.3117114603119706,3.0486748628297335,2.8676386065931307,3.2879054498295903
SMIN.L,Smiths Group PLC,1.4339082649387618,1.2167431777788724,1.3210046825316695,1.098982233019151,1.250918073628394,1.0656559110263855,1.1735363187162102,1.013729119495646,0.9247278898714144,1.0856205446080147,1.605245931414438,1.2303956615981557,0.987295430339384,1.2761680155695283,1.1775461618084608,0.9483359195821447,1.3399217024719556,1.9637252769868385,1.412563368007035,1.281751839096282
SXS.L,Spectris PLC,2.113264533861467,1.6111253803285428,2.292647538080425,1.8237262931299434,1.7290067256360222,1.2579919733995764,1.6487523296514561,1.5913821671708965,1.4709711426906957,1.7777000026732934,2.3208070816931543,1.8063812890958257,1.1006111604006128,1.5617141069975249,1.0113598579190894,0.6442270883458666,1.2243123969748482,1.5454560263934993,1.1711824900890895,0.7481217983601374
SPX.L,Spirax Group PLC,2.861532211785557,2.8058222913749136,6.354363838557333,4.764481935275927,3.5311405641025586,2.7158995849346628,2.7999114053504957,3.5604740731481326,3.4832192233757904,2.9478520461835647,3.2403949524975495,2.6055254350272783,2.2599372536275646,2.4321478936310017,1.757452148884411,1.3412614622669983,1.8285879313864706,2.335279260259045,1.968690668594618,1.5622966751752785
SPT.L,Spirent Communications plc,1.555626063233008,2.7301088160925566,3.3066844663635178,3.3982497755164665,3.3734922114785677,1.8022167431298695,1.6289038705369088,1.465213589266685,1.0889047712748394,1.1890606171181084,1.7440400789948391,2.4386636878248544,2.1009677830152875,2.857911896752397,2.373142892057743,0.9284485460158178,2.0173831064084324,1.7390243251527375,1.1842932389091534,1.704165145405164
SSE.L,SSE PLC,0.7235112331637198,0.6677638494326867,0.7028178597538361,0.7183821541091892,0.7550843371568523,0.48370888719747557,0.6369375130807424,0.6462136140373109,0.7112291946108396,0.7227870670574903,0.6227869783720514,0.7053968616589088,0.5971597201638245,0.5176967867423594,0.6290258779292555,0.6125529714845931,1.0285902591184275,1.407664459235394,1.0368307281331377,1.1446732708855825
SJP.L,St James's Place PLC,0.02176675892292839,0.03928774694450038,0.058433425152876764,0.04689503559873525,0.05309614713509878,0.05270750945448031,0.07206686791347253,0.07129286822736229,0.0892179396088911,0.08029109299253222,0.0827267372067941,0.06065711790805927,0.058754571322538834,0.05087213683071126,0.060163802908821305,0.05618662683069693,0.08176012262830012,0.14837402205530942,0.11033055191386197,0.11173339553575751
STAN.L,Standard Chartered PLC,0.027481930075005833,0.0265819242010229,0.02256444442656224,0.02548080351225613,0.04190833831481237,0.03734239723277373,0.052367246924843965,0.041570467342618274,0.04252142354819191,0.051079079261004606,0.08102693355468,0.09767212787248529,0.08804640263965388,0.12219279948554669,0.11787270443119868,0.055776063189904794,0.15639060913177638,0.15208012195501575,0.12041379800525533,0.14860222507867038
TATE.L,Tate & Lyle PLC,1.1696676418626841,1.1175039205444668,0.9818735352898562,1.0565274828062803,1.3334886491908364,1.0815436840469692,1.2276481274960693,1.1716801604650224,1.122887010626151,1.2191789078025068,1.5169755891983274,1.3629167749428681,1.0975137889915325,0.7701199775959751,0.6431071697972681,0.4692168649266409,0.6242086051531913,1.2232145234850755,0.9196014867626752,0.8703154213427882
TW.L,Taylor Wimpey PLC,0.8309583815815688,0.5537879806264758,1.0261991600924694,1.051233906627005,1.2254679354673312,0.8496945071062201,1.3605093010257547,1.0561665515889718,1.4606352753922889,1.0829677737373784,1.0123916966831226,0.5983133734146381,0.3559383362858751,0.23292161839221356,0.2979349447355054,0.02376806288353176,0.27974616907663064,0.6058970690709127,0.571302073678113,0.4548168627904234
TEP.L,Telecom Plus PLC,1.9718835208778487,2.152122074220677,2.7707608707707756,2.421743260599404,2.609035307787539,2.528563430034409,2.072353515862224,2.3260138448373,2.0378228057502645,2.4695695233456676,2.996034300948034,4.122001659797438,3.744850881534406,2.4302056138843096,2.1010907529591987,2.0111112533112347,1.7718837495177042,2.0012435708229397,1.9981454527231164,4.210243270026858
TMPL.L,Temple Bar Investment Trust PLC,0.8669118155975759,0.8725839666430093,0.8361968959551047,0.8080927671046013,0.8971168159979919,0.8353983730505207,0.8357155798121435,0.8219976058812525,0.808056760038086,0.871144848139812,0.8693236089910794,0.9145700579508047,0.8732838284930055,0.8624157479332423,0.8046398275003065,0.832709488238785,0.7604740833030186,0.825663799729635,0.8289151918786497,0.8401977735139687
TEM.L,Templeton Emerging Markets Investment Trust PLC,0.7982114354476325,0.7851218684277059,0.9530248336148905,0.8257395229198891,1.1630298564271293,0.7502288831432424,0.8465231213091833,0.7441940030625698,0.8170678405682722,0.897853019705808,0.8908311338367353,0.892297614300888,0.8373964920739579,0.9117314747518308,0.8978211631810284,0.7267093372760135,0.9500263051346125,0.8320678063902793,0.6891174065165557,0.6976459028381201
TSCO.L,Tesco PLC,0.4380036992288035,0.3638953177713755,0.4545461659682292,0.48867865454478093,0.48707308926330295,0.31199002107486784,0.31447595220512187,0.36494765479177244,0.2946041840110202,0.35039933894027303,0.5369647676019438,0.5777952596039545,0.6229210285843622,0.6997339942050347,0.7830490097676304,0.6349781052645541,1.251923327223564,1.288451019755765,1.1369364628607914,1.1793524466533523
TRY.L,TR Property Investment Trust PLC,0.9207619756985135,0.9048657867619354,0.9587947778857718,0.8721015303279668,1.3143355249587856,0.7895465103840035,0.889923130769665,0.7831223317761438,0.8534741337480215,0.8642824926603602,0.7923548407039345,0.7737397531333903,0.5264179648807791,0.5681045200718494,0.6137400587962908,0.7113465116891577,0.591708240494392,0.8075061810355503,0.6283077752609032,0.7745398590393358
TPK.L,Travis Perkins PLC,0.43742450416693573,0.45693308591915677,0.7825051751812471,0.5586608508610891,0.6272275848540364,0.5271885212013445,0.7653147391749969,0.7368204737487303,1.0200186898822465,0.9780217879717077,1.0396379886310947,0.6116205763614658,0.46275389758064533,0.6238642352656886,0.5655788566246652,0.14430552244587366,0.5293829498297036,0.9242348737460878,0.6579677534512931,1.577099279806718
ULVR.L,Unilever PLC,1.4552467470214692,1.5380507369402363,1.6013165094873123,1.9097642597376263,2.0823315317496838,2.20440703848059,2.2850409870188493,2.067318826322664,2.2845240414222476,2.0641655356982933,1.9426350934553493,1.8751643016529547,1.660124945503156,0.7135678120391431,1.8340197493536792,1.4094078987739238,3.2009110484085084,2.6578924452808677,2.2871746793654837,1.3366813964181066
UTG.L,Unite Group PLC,0.8315937966477186,0.6746634562378435,0.8774648607045994,0.7953509840402136,0.9130503889409376,0.7453701060045624,0.7972872849358436,0.6429933256069559,0.7567268445137418,0.6419847814426616,0.5572366190832883,0.3794223057304248,0.2719155890123206,0.36494703632449577,0.5185022629592282,0.16454669132819652,0.3700517751436826,0.6303160339348605,0.38602251991777775,0.27340327536653763
UU.L,United Utilities Group PLC,0.4654075528783386,0.4564449974268815,0.5298675744565376,0.42710199704994756,0.48907521854143715,0.37265674455114417,0.4193695805793404,0.4861881674906602,0.5499307993263511,0.5808097320901869,0.43444931429384154,0.47172436065222956,0.3996809924165504,0.4203340788689375,0.37215576010207146,0.4470330348234231,0.6443951639145554,0.5555562840075462,0.5131218042542721,0.6011227482571224
VSVS.L,Vesuvius plc,0.5704275568661826,0.46962540019449095,0.5733763626644758,0.7098212387945739,0.6443665882632444,0.6272308973585663,0.7753900026827236,0.5158087730772187,0.5225970329768038,0.6862631328195523,0.8238673385550016,0.5282204077197218,0.5201225493863678,0.6937913533940633,0.4944604817389786,0.09986301216787122,1.0138664596797358,0.9271459563258765,0.5777857949084053,0.47857545833629644
VCTX.L,Victrex PLC,2.205836065743556,2.347476920429578,3.469218534213148,3.91641097935674,4.342668568429757,3.424345672578682,4.251125151111004,3.326394419532753,3.521635898759712,4.096042634265284,4.338982136958153,4.227527728801327,3.1911137284846736,4.414810773910673,3.0782040958966697,1.463033738152025,2.9699811099655933,4.130252140012924,4.110150655820733,3.3317834211213695
VOF.L,VinaCapital Vietnam Opportunity Fund Ltd,0.7918126999646478,0.7539334003625814,0.9459440590628483,0.6933815925671163,0.9296633431175522,0.7930888040221091,0.8209291337056496,0.7148539367703851,0.6424448001597203,0.7831156873148517,0.7200741752777782,0.6842475183262658,0.525753614239382,0.7992105871511098,0.6154272250573165,0.33002492826831314,0.04588426979024729,0.03939564331168866,0.060242101741016976,0.1273944482840432
VTYV.L,Vistry Group PLC,0.5209102902890526,0.3594633032514924,0.684864854127326,0.5748765015593872,1.1221001841255618,0.7335777972828605,0.996116448294817,0.6766028315809257,0.8999910652060458,0.9098866355403509,0.9699901214010249,0.7491458810614535,0.5911555943342373,0.5915834160444782,0.7071173926852152,0.5501298402398509,0.7787948933140834,1.3800487752981718,1.0761579988802146,0.8232680462039909
VOD.L,Vodafone Group PLC,0.1516803285375365,0.16507826054442698,0.2421618096909048,0.24399818840992815,0.2808702334396027,0.3252358668046718,0.4721037511514961,0.3983703357966675,0.44952171017305764,0.5051550564820041,0.9367524844859709,0.586110657684372,0.6239937216702584,0.5558813612847604,0.5123866842897064,0.48769629162592876,0.7845376892576815,0.678003864375078,0.6042270392878288,0.6386453359181026
WEIR.L,Weir Group PLC,1.2581450820715694,1.0683017697379127,1.27106452784278,1.4581282182090234,1.017305965192618,0.709709162653854,1.3260152021505391,1.1678788708459842,0.6963686098065724,1.1264003202536061,1.4493392644880603,1.2226821090437932,1.4729287646590759,1.852057117101105,0.9716805298100807,0.3702191741320826,1.3809819048890206,1.288089159208874,0.9516054655302776,0.9967078600467236
SMWH.L,WH Smith PLC,0.9061288495041503,1.1242680949178845,1.3329736045598246,1.4551654870363064,2.0504112333658937,2.617604480670426,5.103021725350733,3.414310056920445,4.83820374415142,3.5462753281704935,2.6621636979575642,1.9491225460071586,1.4801732043949432,1.3848857998795254,1.5475951485597115,1.0230243502152705,1.3319151640370648,1.28896844708068,1.3505201499059891,1.1349549218702786
WTB.L,Whitbread PLC,0.725543224016903,0.5290213388279116,0.6410773692443998,0.6938578361670235,0.8520624113687262,0.8061590759254471,1.4711850993692341,1.4839724893846633,1.8950814605713902,2.3436673909928434,2.0098007749316107,1.4779979404341357,0.9121604774240668,1.08743516543308,1.0031716805651958,0.6350092296580818,1.0392235186040915,1.293182617466267,0.7038533652775227,0.6174042011376021
WKP.L,Workspace Group PLC,0.4342033607777148,0.2943603741151871,0.600559398107297,0.532846021517424,0.8380967168659779,0.5224150562810902,0.6764833981688161,0.6699581390550653,0.8515272406833561,0.8566339870556362,0.684484052488244,0.5314130318291318,0.3871391649844896,0.35591411275791435,0.3903287334437397,0.16158412780049755,0.45941134313306664,0.8328936407443461,0.5318760700362088,0.5135531981180608
WWH.L,Worldwide Healthcare Trust PLC,0.8073958090970684,0.9018124370238225,1.005135493929518,0.9240449151389948,1.0450729582194795,0.8349438813899226,0.9138997877597116,0.8002342105952783,0.9944227636666629,0.7866163205476961,0.768225758987446,0.7345580728214066,0.6554872638879496,0.7460664800673839,0.7664137524568962,0.775443451068321,0.9734195044865204,0.9546141419280221,0.8230206855895008,0.9791219952945057
WPP.L,WPP PLC,0.30401195510059215,0.30475594023023705,0.4635205892337129,0.2710379636741671,0.33878417752232076,0.2530216466584407,0.5058936378952431,0.6728661005765393,0.7039113669347332,0.6627123868684078,0.7435835505370845,0.45385264298807015,0.3447256159929778,0.40933164189200233,0.34190603078003656,0.2072015707672307,0.4460941187931836,0.5830959146374165,0.5478406940371523,0.6153730996622772
ZIG.L,ZIGUP PLC,0.3808342068076101,0.4313143738337966,0.6259375003331444,0.37775269025778035,0.24346316223361777,0.4390223659305062,0.4454874183063938,0.6552058155934757,0.5779428549090389,0.9626643109219136,0.8133833628064637,0.5393484986016016,0.28751870724581985,0.3297475740557446,0.271803958897742,0.039827635307586186,0.36483581412998584,0.6604752925299583,0.6143976193645726,0.7142478922261379
