Apple Inc | Ratios - Profit/Value/Risk                                08-Nov-2024 16:39,Unnamed: 1,Unnamed: 2,Unnamed: 3,Unnamed: 4,Unnamed: 5,Unnamed: 6,Unnamed: 7,Unnamed: 8,Unnamed: 9,Unnamed: 10,Unnamed: 11,Unnamed: 12,Unnamed: 13,Unnamed: 14,Unnamed: 15,Unnamed: 16,Unnamed: 17,Unnamed: 18,Unnamed: 19,Unnamed: 20,Unnamed: 21,Unnamed: 22,Unnamed: 23,Unnamed: 24,Unnamed: 25,Unnamed: 26,Unnamed: 27,Unnamed: 28,Unnamed: 29,Unnamed: 30,Unnamed: 31,Unnamed: 32,Unnamed: 33,Unnamed: 34,Unnamed: 35,Unnamed: 36,Unnamed: 37,Unnamed: 38,Unnamed: 39,Unnamed: 40,Unnamed: 41,Unnamed: 42,Unnamed: 43,Unnamed: 44,Unnamed: 45,Unnamed: 46,Unnamed: 47,Unnamed: 48,Unnamed: 49,Unnamed: 50,Unnamed: 51,Unnamed: 52,Unnamed: 53,Unnamed: 54,Unnamed: 55,Unnamed: 56,Unnamed: 57,Unnamed: 58,Unnamed: 59,Unnamed: 60,Unnamed: 61,Unnamed: 62,Unnamed: 63,Unnamed: 64,Unnamed: 65,Unnamed: 66,Unnamed: 67,Unnamed: 68,Unnamed: 69,Unnamed: 70,Unnamed: 71,Unnamed: 72,Unnamed: 73,Unnamed: 74,Unnamed: 75,Unnamed: 76,Unnamed: 77,Unnamed: 78,Unnamed: 79,Unnamed: 80,Unnamed: 81,Unnamed: 82,Unnamed: 83,Unnamed: 84,Unnamed: 85,Unnamed: 86,Unnamed: 87,Unnamed: 88,Unnamed: 89,Unnamed: 90,Unnamed: 91,Unnamed: 92,Unnamed: 93,Unnamed: 94,Unnamed: 95,Unnamed: 96,Unnamed: 97,Unnamed: 98,Unnamed: 99,Unnamed: 100,Unnamed: 101
,,,,,,,,,,,,,,,,,,,,,,,,,,,,,,,,,,,,,,,,,,,,,,,,,,,,,,,,,,,,,,,,,,,,,,,,,,,,,,,,,,,,,,,,,,,,,,,,,,,,,
Ratios - Profit/Value/Risk,,,,,,,,,,,,,,,,,,,,,,,,,,,,,,,,,,,,,,,,,,,,,,,,,,,,,,,,,,,,,,,,,,,,,,,,,,,,,,,,,,,,,,,,,,,,,,,,,,,,,
Interim in Millions of U.S. Dollars,,,,,,,,,,,,,,,,,,,,,,,,,,,,,,,,,,,,,,,,,,,,,,,,,,,,,,,,,,,,,,,,,,,,,,,,,,,,,,,,,,,,,,,,,,,,,,,,,,,,,
Fiscal Period:,2024 Q3,2024 Q2,2024 Q1,2023 Q4,2023 Q3,2023 Q2,2023 Q1,2022 Q4,2022 Q3,2022 Q2,2022 Q1,2021 Q4,2021 Q3,2021 Q2,2021 Q1,2020 Q4,2020 Q3,2020 Q2,2020 Q1,2019 Q4,2019 Q3,2019 Q2,2019 Q1,2018 Q4,2018 Q3,2018 Q2,2018 Q1,2017 Q4,2017 Q3,2017 Q2,2017 Q1,2016 Q4,2016 Q3,2016 Q2,2016 Q1,2015 Q4,2015 Q3,2015 Q2,2015 Q1,2014 Q4,2014 Q3,2014 Q2,2014 Q1,2013 Q4,2013 Q3,2013 Q2,2013 Q1,2012 Q4,2012 Q3,2012 Q2,2012 Q1,2011 Q4,2011 Q3,2011 Q2,2011 Q1,2010 Q4,2010 Q3,2010 Q2,2010 Q1,2009 Q4,2009 Q3,2009 Q2,2009 Q1,2008 Q4,2008 Q3,2008 Q2,2008 Q1,2007 Q4,2007 Q3,2007 Q2,2007 Q1,2006 Q4,2006 Q3,2006 Q2,2006 Q1,2005 Q4,2005 Q3,2005 Q2,2005 Q1,2004 Q4,2004 Q3,2004 Q2,2004 Q1,2003 Q4,2003 Q3,2003 Q2,2003 Q1,2002 Q4,2002 Q3,2002 Q2,2002 Q1,2001 Q4,2001 Q3,2001 Q2,2001 Q1,2000 Q4,2000 Q3,2000 Q2,2000 Q1,1999 Q4,1999 Q3
Period End Date:, 29-Jun-2024, 30-Mar-2024, 30-Dec-2023, 30-Sep-2023, 01-Jul-2023, 01-Apr-2023, 31-Dec-2022, 24-Sep-2022, 25-Jun-2022, 26-Mar-2022, 25-Dec-2021, 25-Sep-2021, 26-Jun-2021, 27-Mar-2021, 26-Dec-2020, 26-Sep-2020, 27-Jun-2020, 28-Mar-2020, 28-Dec-2019, 28-Sep-2019, 29-Jun-2019, 30-Mar-2019, 29-Dec-2018, 29-Sep-2018, 30-Jun-2018, 31-Mar-2018, 30-Dec-2017, 30-Sep-2017, 01-Jul-2017, 01-Apr-2017, 31-Dec-2016, 24-Sep-2016, 25-Jun-2016, 26-Mar-2016, 26-Dec-2015, 26-Sep-2015, 27-Jun-2015, 28-Mar-2015, 27-Dec-2014, 27-Sep-2014, 28-Jun-2014, 29-Mar-2014, 28-Dec-2013, 28-Sep-2013, 29-Jun-2013, 30-Mar-2013, 29-Dec-2012, 29-Sep-2012, 30-Jun-2012, 31-Mar-2012, 31-Dec-2011, 24-Sep-2011, 25-Jun-2011, 26-Mar-2011, 25-Dec-2010, 25-Sep-2010, 26-Jun-2010, 27-Mar-2010, 26-Dec-2009, 26-Sep-2009, 27-Jun-2009, 28-Mar-2009, 27-Dec-2008, 27-Sep-2008, 28-Jun-2008, 29-Mar-2008, 29-Dec-2007, 29-Sep-2007, 30-Jun-2007, 31-Mar-2007, 30-Dec-2006, 30-Sep-2006, 01-Jul-2006, 01-Apr-2006, 31-Dec-2005, 24-Sep-2005, 25-Jun-2005, 26-Mar-2005, 25-Dec-2004, 25-Sep-2004, 26-Jun-2004, 27-Mar-2004, 27-Dec-2003, 27-Sep-2003, 28-Jun-2003, 29-Mar-2003, 28-Dec-2002, 28-Sep-2002, 29-Jun-2002, 30-Mar-2002, 29-Dec-2001, 29-Sep-2001, 30-Jun-2001, 31-Mar-2001, 30-Dec-2000, 30-Sep-2000, 01-Jul-2000, 01-Apr-2000, 01-Jan-2000, 25-Sep-1999, 26-Jun-1999
,,,,,,,,,,,,,,,,,,,,,,,,,,,,,,,,,,,,,,,,,,,,,,,,,,,,,,,,,,,,,,,,,,,,,,,,,,,,,,,,,,,,,,,,,,,,,,,,,,,,,
Profitability/Return,,,,,,,,,,,,,,,,,,,,,,,,,,,,,,,,,,,,,,,,,,,,,,,,,,,,,,,,,,,,,,,,,,,,,,,,,,,,,,,,,,,,,,,,,,,,,,,,,,,,,
"Sales/Receivables, TTM",18.2128754959,19.1900535539,16.4319004814,13.2872841988,18.569017218,19.8753580553,14.3625312703,14.4808490324,19.7332858088,19.6356376214,13.2017657117,17.2563328459,19.637129847,19.0156902849,12.2375236629,14.0611074118,17.1000312207,17.3974096796,13.7108100494,11.2844378904,18.337392043,17.5789724234,12.6026446998,12.9369215782,19.2637814587,19.1033471027,12.7570738992,13.633519686,18.5382988429,18.5195732527,16.1509070715,13.2281691869,19.9500090563,19.6710469439,15.8443800148,13.6241219505,21.2058795727,20.5934481922,12.9282733185,11.9622406911,18.1529525653,20.9765252622,13.4887975812,14.2235352863,20.5387972842,23.9422341781,16.0451091193,19.20461378,21.6312231994,22.1744548287,17.0944708163,19.9005423293,21.0120431459,20.1407185629,16.734232752,14.7052192537,18.6169900538,21.2216687422,17.6723420356,14.8383192115,19.7326478149,22.7205673759,18.8348246675,18.473022912,21.6963036963,24.2594208647,15.6657303371,17.0148840429,18.2545018007,24.1654555618,14.0169376694,17.992547741,18.9519832985,19.7895940537,14.7449908925,16.6938286399,17.3118131868,15.067209776,13.4569262578,10.7519480519,12.7719298246,13.3240482823,12.4487534626,9.3268219384,9.9413735343,10.2447183099,11.7366834171,11.138700291,9.3937908497,9.0476190476,12.2066027689,7.5588442565,7.3904153355,7.7780596068,9.9729932483,9.7711138311,7.9967793881,8.2362385321,7.4980609418,7.4987775061,7.0171176146
"Revenue/Inventory, TTM",57.0587451909,55.6545136357,57.8660265546,67.9764121664,60.064612015,59.5108947612,61.0486767486,68.4240846781,73.0453303176,72.2945968724,69.7433864872,68.7561319425,75.8311489734,76.0916637437,64.8588754135,67.2254193706,74.6916678031,65.2180579216,58.9285635663,64.5432895063,55.7601980411,41.2067591264,55.60888511,60.2871410737,56.2153710636,46.8060915626,67.0618253189,65.6172892515,89.8159533856,84.9381622038,84.4927367809,96.2459272484,113.7557449006,97.2995509942,99.2767215885,104.8049327354,123.397689769,100.4326627219,90.7150964813,94.3458064516,108.2613187481,114.5315549772,97.2837573386,133.7847358121,120.1873004612,144.102258202,122.3983649201,199.7549457562,147.9980109398,140.1181102362,120.5478547855,118.4991789819,109.5816493719,111.5446428571,104.4257357974,86.620185923,86.3676248109,107.6273684211,96.1069958848,89.0145228216,91.2821621622,118.4763313609,91.0900584795,87.698245614,81.851758794,106.9195804196,73.188976378,79.7987012987,98.3146551724,104.932038835,75.6453382084,88.8045977011,89.4384236453,94.0543478261,80.95,104.7443609023,95.1169811321,97.7709251101,79.6979591837,105.4649681529,138.9818181818,137.9807692308,101.3684210526,122.9108910891,164.8611111111,173.7014925373,174.2985074627,205.0714285714,216.9433962264,321.9444444444,260.5,243.7727272727,481.9166666667,613.3,369.2777777778,301.2452830189,1241.5,513,338.35,125.1836734694,93.4411764706
"Revenue/Wk Cap, TTM",-,-,637.5305785124,-,-,-,-,-,-,134.2200973574,27.8393612716,15.3459602316,13.5037731445,10.3733244075,7.1159685009,5.7537045964,6.0846293992,6.9395465669,5.7188057469,7.1761250017,7.1475400789,7.3531796265,8.6387636832,12.2844060036,8.6848569387,7.1321255099,10.1294257157,8.2319100801,8.3014039519,9.1904950495,22.5689896011,11.7735797549,15.7669541567,15.9735336446,47.3813892529,33.7470218757,16.3677951262,11.6270173996,10.9870772615,10.5323960704,6.6417120274,6.3824734419,6.6859569235,7.0132747902,6.6716814682,7.2725083324,7.2178905617,8.6638434499,7.6466779713,6.8862767861,6.3450962875,5.7012166219,4.9590706871,4.0886925217,3.7794733322,3.1813193513,2.9329052145,2.542863538,2.2985654881,2.2176564842,2.2649749189,2.1527255134,2.1597892402,2.3939848664,2.1345870327,2.2121825942,2.2324966975,2.3698775431,2.3733416576,2.4883158743,2.5185951671,2.5962766315,2.6464543401,2.7722867441,2.6540983607,2.4839083534,2.4273882897,2.3463368221,2.2328187536,2.0869674817,1.9979090434,1.9752236752,1.8130715438,1.7099173554,1.6381451835,1.6240580519,1.5608126169,1.5613868117,1.562440549,1.5975189524,1.641649957,1.5066722854,1.6718704828,1.8559540021,2.1328413284,2.5627608347,2.4653317888,2.5617977528,2.5406420124,2.4965404965,2.6781875659
"Revenue/Tot Assets, TTM",1.1568379209,1.1399030125,1.101606401,1.0868122801,1.1437691686,1.1279513548,1.0647527674,1.1206368107,1.1635294806,1.1224361025,1.0291073044,1.0840788869,1.0728170041,0.9897408289,0.8468313103,0.8288446326,0.8563610978,0.8091238198,0.7494585889,0.7388777421,0.7715821016,0.7286539817,0.67035911,0.7168130367,0.7352679407,0.7048575995,0.6482305352,0.6577685956,0.6868948561,0.6891337884,0.6986203307,0.7046669205,0.7612504816,0.8033420952,0.8465321032,0.8951442403,0.9051850925,0.9082693506,0.8204024817,0.8330845709,0.8435327765,0.878567222,0.8260316375,0.8923313076,0.9339934721,0.9783931242,0.9838844098,1.0703780327,1.1037255149,1.1581610654,1.1342320881,1.1302191549,1.1700518419,1.1509663664,1.0845821367,1.0633008379,1.0116333673,1.0194627794,0.9659094434,1.025552156,1.0574459292,1.0865849026,1.0694257545,1.2188627719,1.2211185246,1.2435037209,1.1266666667,1.1551983456,1.2409346862,1.3252406352,1.2299506569,1.3450088785,1.4183266932,1.4408458913,1.3753557321,1.4240008177,1.4231833324,1.3174640864,1.1954937856,1.1138916919,1.118852459,1.0957544288,1.0182779456,0.9466941203,0.9321501492,0.9218217822,0.9424582358,0.9322185242,0.9299579424,0.9351299016,0.9466468451,0.8364004991,0.8894870415,0.9336987136,0.9795166519,1.3345035105,1.2465902435,1.2028135991,1.1113483331,1.2982010582,1.4026490066
"EBITDA/Comm Shr Eqty, %, TTM",2.075585516057,1.901387585074,1.989023672484,2.230495133755,2.094204306434,1.910942673881,1.947597913865,2.294984265396,2.117169307198,1.912972169545,1.856133646023,1.872365275755,1.624683294035,1.352547034952,1.093499406119,0.992690612025,0.932463345542,0.838972244078,0.753253014372,0.773921623194,0.724155057827,0.664652957403,0.616240008369,0.678300455235,0.634933339801,0.585361741263,0.54421858549,0.545193216824,0.542202451287,0.527067842549,0.535186087464,0.569691927433,0.586492637322,0.605080493172,0.658129136112,0.714476271319,0.632016446555,0.585861909826,0.535286863864,0.514708884881,0.484072470057,0.452107999014,0.440143173949,0.461252735162,0.475270097831,0.482217590803,0.545124195032,0.600723726421,0.616779594564,0.65007470651,0.628551686014,0.572383968619,0.571380297722,0.531098437887,0.50116106774,0.488776422304,0.507920404644,0.497337375705,0.481926478859,0.462539629568,0.522522522523,0.506467755642,0.492936821696,0.479133291699,0.401986313813,0.405489212905,0.402325913242,0.386196769457,0.377408287147,0.358401375161,0.334047327621,0.307603951298,0.306234908055,0.308335545527,0.307833450953,0.291586692258,0.262529012293,0.216072085325,0.165217391304,0.107323368104,0.083684794673,0.068605863947,0.053753255979,0.033181053138,0.025895450145,0.026248006869,0.033407572383,0.041172800998,0.057546693589,0.0673374613,0.05680781759,-0.056848195196,-0.052511415525,-0.022299115725,0.022576194657,0.175805297065,0.174700555069,0.173399014778,0.148749378831,0.211875843455,0.248796920115
"EBITDA/Tot Eqty, %, TTM",2.075585516057,1.901387585074,1.989023672484,2.230495133755,2.094204306434,1.910942673881,1.947597913865,2.294984265396,2.117169307198,1.912972169545,1.856133646023,1.872365275755,1.624683294035,1.352547034952,1.093499406119,0.992690612025,0.932463345542,0.838972244078,0.753253014372,0.773921623194,0.724155057827,0.664652957403,0.616240008369,0.678300455235,0.634933339801,0.585361741263,0.54421858549,0.545193216824,0.542202451287,0.527067842549,0.535186087464,0.569691927433,0.586492637322,0.605080493172,0.658129136112,0.714476271319,0.632016446555,0.585861909826,0.535286863864,0.514708884881,0.484072470057,0.452107999014,0.440143173949,0.461252735162,0.475270097831,0.482217590803,0.545124195032,0.600723726421,0.616779594564,0.65007470651,0.628551686014,0.572383968619,0.571380297722,0.531098437887,0.50116106774,0.488776422304,0.507920404644,0.497337375705,0.481926478859,0.462539629568,0.522522522523,0.506467755642,0.492936821696,0.479133291699,0.401986313813,0.405489212905,0.402325913242,0.386196769457,0.377408287147,0.358401375161,0.334047327621,0.307603951298,0.306234908055,0.308335545527,0.307833450953,0.291586692258,0.262529012293,0.216072085325,0.165217391304,0.107323368104,0.083684794673,0.068605863947,0.053753255979,0.033181053138,0.025895450145,0.026248006869,0.033407572383,0.041172800998,0.057546693589,0.0673374613,0.056785621256,-0.056309953906,-0.051530993279,-0.021878536401,0.022151119862,0.170295382055,0.167366358802,0.165258215962,0.141707432539,0.198482932996,0.232046678636
"EBITDA/Tot Assets, %, TTM",0.395352883822,0.387200162492,0.371601445747,0.356765125373,0.369278480428,0.36257765567,0.344227118244,0.370983166064,0.388973037564,0.379849379198,0.348776258254,0.35630399028,0.342823679201,0.30360819882,0.245177580211,0.233525159872,0.246007164043,0.233409521164,0.218723095682,0.217189854041,0.228003860383,0.218026779422,0.203771109514,0.220772315814,0.226199288564,0.217590601025,0.20103125614,0.205166390485,0.215761207791,0.217924411817,0.22340553309,0.230475253704,0.255590899745,0.277147462094,0.298250290898,0.315930783019,0.314454547472,0.312485685481,0.278054028308,0.275741217166,0.279978029055,0.288447141731,0.26854383866,0.291105402753,0.308023112209,0.331992004096,0.354005299176,0.400212012926,0.414204869944,0.433602616357,0.403525815911,0.371738517598,0.374696034009,0.352379886945,0.322191258851,0.316455283493,0.310512559252,0.315671924542,0.292390888505,0.298164260446,0.297812120377,0.291094589461,0.268805097081,0.286842875256,0.248819251818,0.249928835753,0.227838383838,0.222504230118,0.233399526672,0.23009012323,0.194697104809,0.186483757529,0.193188032185,0.193406044459,0.185278001954,0.186343657365,0.172435209757,0.139498990858,0.102369436111,0.067137571477,0.055181498829,0.045204642639,0.034290030211,0.021047815145,0.016805402858,0.01695049505,0.021790008877,0.026787888627,0.036881268198,0.042117153461,0.036009250083,-0.035246412976,-0.031838806429,-0.013245033113,0.013262599469,0.102641257105,0.100075307506,0.088427399096,0.073739530301,0.099682539683,0.11412803532
"ROFA Fixed Assets, %, TTM",0.487179732222,0.468842383512,0.47178535363,0.4549836174,0.434284457236,0.417599932703,0.426769086584,0.460435139649,0.453460587938,0.454889273163,0.469899646016,0.477770404778,0.442082425082,0.389004434929,0.338850093418,0.322649716752,0.320531072981,0.289477079375,0.280429367405,0.269486908748,0.25954238392,0.245866595337,0.238092516929,0.253735500769,0.255263838565,0.24075708584,0.221593764925,0.212029986165,0.215370126288,0.208097746328,0.208253789876,0.225473406802,0.2367747081,0.252740457025,0.278597446367,0.301199008301,0.290464318121,0.296957932823,0.280803468518,0.271706054073,0.273137521607,0.28631088197,0.279295858568,0.296993340363,0.314650573486,0.346348767062,0.406548085678,0.444528474726,0.475115425595,0.528106559451,0.527340752111,0.502116202264,0.54208526126,0.547621381657,0.533173115437,0.577808015834,0.600721631771,0.647076425878,0.674256070322,0.759056134206,0.966800437796,1.126767127544,1.199394425149,1.314359359897,1.448602413319,1.403879514272,1.255212296454,1.162868075195,1.162415122041,1.076538461538,1.034189849225,1.045466491459,1.037876693392,0.963687150838,1.099656357388,1.290009699321,1.065113816834,0.790476190476,0.559163456247,0.313993174061,0.253149370126,0.201911589008,0.157290470723,0.077581289218,-0.021686746988,-0.006031363088,0.024207492795,0.072706935123,0.210400478183,0.250764525994,0.21780104712,-0.032830523514,0.051578137028,0.143055555556,0.211934706984,0.698046181172,0.582532051282,0.496936691627,0.371546149324,0.819359236537,0.859408795963
"ROE Comm Eqty, %, TTM",1.605833897718,1.472497653133,1.542693786451,1.719495116028,1.600932582087,1.456054092021,1.479430121484,1.754592922065,1.6281631219,1.49271107141,1.455673296853,1.474433344494,1.271246759714,1.034003373915,0.820904625855,0.736855615522,0.692481835745,0.620940391242,0.554682942586,0.5591722114,0.5164967716,0.481829353178,0.452018861564,0.506073948772,0.474746739754,0.428556100552,0.389780952276,0.368675084637,0.36028667856,0.345733521333,0.346946370134,0.369032810455,0.379013393176,0.390637586091,0.427122955544,0.462481918736,0.411463929899,0.383714910609,0.351461590755,0.336118011366,0.315644264697,0.294967321028,0.288145352683,0.306396039031,0.321122926414,0.33339496109,0.384057037718,0.42841524445,0.443240616492,0.471010824821,0.455804311774,0.416732311946,0.419851672684,0.387840317382,0.367981069067,0.352834535635,0.354700792765,0.33968488352,0.318966545665,0.305356248957,0.349373764008,0.342413369842,0.339133281293,0.332292486899,0.287167686066,0.29365969519,0.294235159817,0.285119921684,0.278613530395,0.267296948861,0.248368013056,0.228463128877,0.232431428395,0.228962038758,0.225829216655,0.212731925784,0.172956245165,0.137366678926,0.100395256917,0.059361221637,0.046836847947,0.039170239889,0.032441392375,0.016350084155,-0.00435624395,-0.001226542377,0.005196733482,0.016219588272,0.044422009086,0.052889576883,0.054201954397,-0.009307005408,0.016996448503,0.052800205049,0.099335256491,0.225053686471,0.212386795209,0.23973727422,0.209375517641,0.270355375619,0.286814244466
"ROA Tot Assets, %, TTM",0.305875646891,0.299860657048,0.288215393975,0.275031261608,0.282298126006,0.276268192882,0.2614810602,0.283629150403,0.299131275435,0.296400220988,0.273527871662,0.280579057328,0.268245197656,0.232104240234,0.184058087846,0.173341344557,0.182694036583,0.172751125456,0.161064035602,0.156923553159,0.162621605038,0.158054968288,0.149468362474,0.164716265161,0.169131730922,0.159302825789,0.14398287112,0.138739320378,0.143370596596,0.142948911316,0.14482764143,0.149296359171,0.165172361958,0.178925311269,0.193563145514,0.204502627426,0.204720469828,0.204664981388,0.182566241957,0.180066037886,0.1825624562,0.188190611182,0.175805655254,0.19337238686,0.2081201482,0.229532193348,0.249407800603,0.285417272214,0.297662931015,0.314166239556,0.292623201714,0.270649529637,0.275327583492,0.257329183146,0.236571217334,0.228440546445,0.216843131174,0.215606118013,0.193521036469,0.196840042069,0.199125850042,0.196803603408,0.18493395216,0.198933645437,0.177749456481,0.181001179293,0.166626262626,0.164269599549,0.172302168059,0.17160198639,0.144759526782,0.138504926709,0.146629169596,0.143618349846,0.135921505331,0.135950117551,0.113601716447,0.088685741422,0.06220535113,0.037134207871,0.030884074941,0.025809407453,0.020694864048,0.010371387173,-0.002827077116,-0.000792079208,0.003389556936,0.010552804611,0.02846975089,0.033080522834,0.03435744962,-0.005770430443,0.010305314158,0.031361802542,0.058355437666,0.131394182548,0.121663459125,0.122257578295,0.103793726392,0.127195767196,0.131567328918
"Inc Avail Comm/Tot Eqty, %, TTM",1.605833897718,1.472497653133,1.542693786451,1.719495116028,1.600932582087,1.456054092021,1.479430121484,1.754592922065,1.6281631219,1.49271107141,1.455673296853,1.474433344494,1.271246759714,1.034003373915,0.820904625855,0.736855615522,0.692481835745,0.620940391242,0.554682942586,0.5591722114,0.5164967716,0.481829353178,0.452018861564,0.506073948772,0.474746739754,0.428556100552,0.389780952276,0.368675084637,0.36028667856,0.345733521333,0.346946370134,0.369032810455,0.379013393176,0.390637586091,0.427122955544,0.462481918736,0.411463929899,0.383714910609,0.351461590755,0.336118011366,0.315644264697,0.294967321028,0.288145352683,0.306396039031,0.321122926414,0.33339496109,0.384057037718,0.42841524445,0.443240616492,0.471010824821,0.455804311774,0.416732311946,0.419851672684,0.387840317382,0.367981069067,0.352834535635,0.354700792765,0.33968488352,0.318966545665,0.305356248957,0.349373764008,0.342413369842,0.339133281293,0.332292486899,0.287167686066,0.29365969519,0.294235159817,0.285119921684,0.278613530395,0.267296948861,0.248368013056,0.228463128877,0.232431428395,0.228962038758,0.225829216655,0.212731925784,0.172956245165,0.137366678926,0.100395256917,0.059361221637,0.046836847947,0.039170239889,0.032441392375,0.016350084155,-0.00435624395,-0.001226542377,0.005196733482,0.016219588272,0.044422009086,0.052889576883,0.054180776244,-0.009218886259,0.016679113766,0.05180435056,0.097464927394,0.218000277354,0.203470472992,0.22848200313,0.199463468518,0.253265908133,0.26750448833
"Reinvestment Rate, %, TTM",1.366855144824,1.250718727998,1.312496655889,1.453651013136,1.348493423776,1.226178438834,1.248742800737,1.494523654647,1.387385915171,1.277638255343,1.245056313153,1.249702170071,1.061613040231,0.841432762207,0.639221854836,0.556052545451,0.525927769678,0.468773909976,0.418844583291,0.416191464063,0.381987181003,0.358617844959,0.343305268297,0.392182226755,0.366618965615,0.329268853464,0.29621151257,0.272882544911,0.264660225667,0.253361508133,0.254034996183,0.272386552721,0.285094640351,0.300266319283,0.335078201077,0.363470216802,0.319921173317,0.29445592632,0.264177193177,0.242275495968,0.225695268815,0.20934098385,0.204256312493,0.21930103946500001,0.233798383667,0.270568263946,0.338187672493,0.402751186963,0.443240616492,0.471010824821,0.455804311774,0.416732311946,0.419851672684,0.387840317382,0.367981069067,0.352834535635,0.354700792765,0.33968488352,0.318966545665,0.305356248957,0.349373764008,0.342413369842,0.339133281293,0.332292486899,0.287167686066,0.29365969519,0.294235159817,0.285119921684,0.278613530395,0.267296948861,0.248368013056,0.228463128877,0.232431428395,0.228962038758,0.225829216655,0.212731925784,0.172956245165,0.137366678926,0.100395256917,0.059361221637,0.046836847947,0.039170239889,0.032441392375,0.016350084155,-0.00435624395,-0.001226542377,0.005196733482,0.016219588272,0.044422009086,0.052889576883,0.054201954397,-0.009307005408,0.016996448503,0.052800205049,0.099335256491,0.225053686471,0.212386795209,0.23973727422,0.209375517641,0.270355375619,0.286814244466
,,,,,,,,,,,,,,,,,,,,,,,,,,,,,,,,,,,,,,,,,,,,,,,,,,,,,,,,,,,,,,,,,,,,,,,,,,,,,,,,,,,,,,,,,,,,,,,,,,,,,
Value,,,,,,,,,,,,,,,,,,,,,,,,,,,,,,,,,,,,,,,,,,,,,,,,,,,,,,,,,,,,,,,,,,,,,,,,,,,,,,,,,,,,,,,,,,,,,,,,,,,,,
"Hist Mkt Cap, FI",3206112.19058,2630106.39528,2976556.73419,2662325.94381,3035216.95596,2592789.6494,2058403.94151,2398369.42275,2280071.24748,2831786.28096,2880565.21428,2413423.39912,2203894.54962,2022547.02905,2220166.01811,1906150.94964,1514929.34857,1071224.53938,1270761.1182,972268.901519999,896853.6984,875153.595800001,738937.122689999,1073390.53964,896472.365870001,829383.85396,859967.79873,790050.098119999,744552.00364,747867.382899999,608683.09186,601439.26986,503721.611,578907.38882,598970.930609999,639938.75663,723159.449999999,710200.7635,664153.501810001,591015.72075,550883.94858,462626.705482467,499840.143582985,434085.959922088,360216.941659069,416133.271265941,478490.0214011,626549.726290962,547362.796636655,560567.897531542,377546.29245333,375706.315393309,302494.745758291,325059.600646624,298046.78166292,267756.08264365,243625.498357258,210034.698741484,189449.037905916,164097.364937471,127588.395723877,95300.6827807041,76406.428215806,113918.808840277,150656.49807454,126053.321665153,175576.230944751,133876.193478437,106072.402571049,80338.5547528113,72980.9825774445,65838.0466355304,48850.5527194984,53261.0281341186,60791.3575598816,44422.9855289701,31264.5380922307,34983.2768916881,25895.1568761499,14596.9178075136,12980.9671920198,10081.9983115916,7662.8448781475,7587.5653536539,6873.7650871556,5325.9892589289,5065.2115885833,5283.8710489237,6358.9093798843,8381.1873569957,7905.653970025,5442.7895047876,8148.5144449587,7648.1513400113,5136.4425877857,8643.67127476,17012.7588789289,22093.9404660931,16575.8670485521,10441.6696842396,6755.3312295975
"Hist Mkt Cap, %Prd/Prd, FI",0.219004750657,-0.11639299024,0.118028670047,-0.122854813201,0.170637562774,0.259611681222,-0.14174858886,0.051883543289,-0.19482933341,-0.016933806282,0.193559826813,0.095072084795,0.089662943786,-0.089010906143,0.164737776161,0.258244123027,0.414203365288,-0.157021312631,0.30700582546,0.084088634807,0.024795764657,0.184341087932,-0.311585955529,0.197349277575,0.080889580367,-0.035564058114,0.088497806375,0.061108014293,-0.004433111185,0.228664625158,0.012044145374,0.193991396688,-0.129875312135,-0.033496687009,-0.06401835425,-0.115079313933,0.018246511643,0.069332257625,0.123749298863,0.072849775844,0.190774206987,-0.074450678655,0.151477333315,0.205068139634,-0.134371206057,-0.130319854848,-0.236309583543,0.144669915711,-0.023556648451,0.484765997539,0.004897381238,0.24202592021,-0.069417592479,0.090632815537,0.113127959415,0.099047860134,0.15992976266,0.108660677632,0.15449165091,0.286146471287,0.33879833968,0.247286190521,-0.32929049292,-0.243850677919,0.195180706257,-0.282059302749,0.311482097949,0.262120872815,0.320317534938,0.100814923505,0.108492524859,0.34774415304,-0.082808679613,-0.123871710191,0.368466275645,0.420874519173,-0.106300470678,0.350958291565,0.774015392731,0.124486148874,0.287539115841,0.315699126357,0.009921433422,0.103844146193,0.29060813931,0.051484062366,-0.041382436913,-0.169060174747,-0.241287766306,0.060151049974,0.452500406917,-0.332051315461,0.065422751559,0.488997727327,-0.405756833574,-0.491930066395,-0.229980776664,0.332898025859,0.58747284368,0.545693219108,0.486704305618
"Hist EV, FI",3245615.19058,2667546.39528,3011496.73419,2711858.94381,3082014.95596,2646532.6494,2118158.94151,2470134.42275,2351531.24748,2900256.28096,2939450.21428,2476351.39912,2263989.54962,2074358.02905,2255383.01811,1928304.94964,1535277.34857,1087328.53938,1272532.1182,979758.901519999,910657.6984,907691.595800001,767240.122689999,1121572.53964,940102.365870001,863283.85396,905214.79873,831549.098119999,776132.00364,779288.382899999,635780.09186,621316.26986,526900.611,603496.38882,623859.930609999,662665.75663,742874.449999999,720975.7635,668093.501810001,601233.72075,544118.94858,438238.705482467,476090.143582985,410499.959922088,334568.941659069,376996.271265941,438670.0214011,597420.726290962,519708.796636656,532029.897531542,347390.29245333,349754.315393309,274099.745758291,295825.600646624,271069.78166292,242136.08264365,219337.498357258,186879.698741484,164653.037905916,140633.364937471,103366.395723877,70287.6827807041,50759.428215806,91807.8088402773,129882.49807454,106605.321665153,157128.230944751,118490.193478437,92305.4025710485,67761.5547528113,61111.9825774445,55728.0466355304,39674.5527194984,45035.0281341186,52084.3575598816,36161.9855289701,23738.5380922307,27926.2768916881,19447.1568761499,9132.9178075136,8014.9671920198,5487.9983115916,3173.8448781475,3325.5653536539,2635.7650871556,1109.9892589289,923.2115885833,1262.8710489237,2368.9093798843,4383.1873569957,3853.653970025,1423.7895047876,4247.5144449587,3821.1513400113,1385.4425877857,4992.67127476,13636.7588789289,18934.9404660931,13365.8670485521,7665.6696842396,4099.3312295975
"Hist EV, %Prd/Prd, FI",0.21670430787,-0.114212423014,0.110491657785,-0.12010195195,0.164548246423,0.249449508975,-0.142492440087,0.050436572083,-0.189198808768,-0.013333763276,0.187008522023,0.093799836459,0.091416967522,-0.080263524025,0.169619472548,0.25599778531,0.411971904504,-0.145539414032,0.298821696058,0.075880545721,0.003267742715,0.183060646799,-0.315924654382,0.193032355154,0.088984071181,-0.046321541394,0.088588516032,0.071401635572,-0.004050335318,0.225720013692,0.023279322789,0.179190642199,-0.126920026762,-0.032641208051,-0.058560180048,-0.107970725565,0.030373679129,0.079153983008,0.111204309992,0.104967438313,0.241604043123,-0.079504771545,0.159781218184,0.226951784247,-0.112540448913,-0.140592580132,-0.265726811782,0.149529756197,-0.023158662609,0.531504791842,-0.006759095845,0.276011090144,-0.073441429142,0.091326369291,0.119493545544,0.103942939338,0.173682854983,0.134990894297,0.170796403678,0.360532733609,0.470618914076,0.384721720699,-0.447112082763,-0.29314718918,0.218349103458,-0.321539350223,0.326086373328,0.283675604873,0.362209041805,0.108809629387,0.096610885666,0.404629487055,-0.119029023334,-0.135344463406,0.440306907876,0.523345093471,-0.149956931807,0.436008207757,1.129347628657,0.139482868577,0.460453654858,0.72913249459,-0.045622460957,0.261707794014,1.374586119598,0.202312961249,-0.268958149472,-0.466897695772,-0.459546401524,0.137410725273,1.706617766929,-0.664794664447,0.111579748356,1.758072672011,-0.722504745147,-0.633881384933,-0.279809783223,0.416663834625,0.743600702758,0.869980554119,0.503332305484
"Hist EV/Revenue, TTM",8.4169863579,6.9900042589,7.8077518478,7.0753067399,8.0274812427,6.872414987,5.4656947376,6.2641618722,6.0678100631,7.5132864122,7.7696841437,6.7693721153,6.5215524755,6.3746766472,7.6678498584,7.0244064974,5.6061278279,4.0574836999,4.7538772287,3.7657832893,3.5155913834,3.5115153228,2.9327405574,4.2228676731,3.6827188271,3.4891856823,3.7847225421,3.6275120537,3.4725176556,3.5348770186,2.9148446798,2.8812796844,2.3918715999,2.6523233297,2.6548586762,2.8353582638,3.3114218787,3.3982002767,3.3438113204,3.2891146954,3.054377069,2.4894975742,2.7362760563,2.4018486918,1.9749766337,2.229375244,2.6636590709,3.8171897046,3.4923850001,3.7372147902,2.7173621331,3.231016595,2.7321997743,3.3827583521,3.5534756324,3.7123201632,3.842027332,3.6554916328,3.5251571017,3.2777849886,2.4483963173,1.7552174499,1.3034957555,2.4487959468,3.9869385786,3.4862265498,5.6348657323,4.8209859825,4.0468851143,3.1347869519,2.9538393628,2.8852211564,2.1852033884,2.6022782927,3.2170696455,2.5957925152,1.8835624924,2.5165609527,1.9919242934,1.1031426268,1.0485305065,0.7648778135,0.4708270106,0.5357765996,0.4441053222,0.1907525793,0.15811125,0.2199357452,0.4120559019,0.7563740047,0.6724226086,0.2654837786,0.7344828713,0.6230476667,0.2084312604,0.6254129118,1.8306831627,2.6364439524,1.9751539897,1.2497016114,0.6451575747
"Hist EV/EBITDA, TTM",24.6288553781,20.5783150011,23.1459525028,21.553480717,24.8635813706,21.3795573836,16.9063193722,18.9222881911,18.1505534049,22.2013892322,22.9254099602,20.5962705673,20.4082530276,20.7809860654,26.484376497,24.9315389641,19.5151624941,14.0654361216,16.2892451223,12.8111576228,11.8970239519,11.735620865,9.6480279,13.7109881253,11.9707940085,11.302781612,12.2039366723,11.6298946605,11.0550665704,11.1782024371,9.115126765,8.8093730219,7.1239367648,7.6880479607,7.5353592856,8.0335780987,9.5322193423,9.8771921459,9.8659642602,9.937254694,9.2023905524,7.5826404617,8.4166913035,7.3624356109,5.9885612812,6.5700540469,7.4030887081,10.2091788217,9.3061060172,9.9821737688,7.6379730982,9.8234556621,8.5317566458,11.0489878482,11.9619514436,12.4735257904,12.5171202624,11.8054136918,11.645309987,11.2741193633,8.6935572518,6.5517974255,5.1858835529,10.4055093325,19.5665107072,17.3454802579,27.8645559398,25.0296141695,21.5164108557,18.0553036911,18.6601473519,20.809576787,16.0430864211,19.3865812028,23.8809525722,19.836525249,15.5458664651,23.7670441631,23.2621493734,18.302440496,21.2598599258,18.5405348365,13.9816954984,24.0982996642,24.6333185715,10.3737313919,6.8386043599,7.6537639329,10.3899534205,16.7938212912,17.6773117891,-,-,-,15.393806531,8.131386441,22.8039446136,35.8616296706,29.7680780591,16.2753071852,7.9290739451
"Hist EV/FCF, TTM",36.3642139825,30.3157831994,34.331570877,32.8590687485,38.7987179108,33.5943925335,26.5018322366,28.9385227249,27.5222814279,33.0238807711,33.8272212102,30.7957941491,30.6711312012,32.4712056267,43.3902733433,40.9606591253,32.249660727,23.5505423301,27.5690480133,22.6853805719,21.7923255097,21.7650967725,18.1642586872,24.9743378753,22.3977882417,21.620472688,23.7795150322,24.9804463506,24.6798525706,25.5856715116,20.8575582921,20.3750334446,15.6429240566,15.8514495908,15.0658052745,15.9286995007,19.657963747,21.4787071678,21.7612944793,22.6274404708,20.1659976495,16.6295566153,19.1670414905,16.9951130215,13.050237612,13.1973769959,13.3051265211,16.7777108035,15.9910398965,16.3044312933,12.6126526687,17.2428670574,12.7411214502,16.8216536249,18.3031587889,18.7426335354,19.3112782495,18.3287268283,18.5169858194,18.1322028027,13.8282803644,10.5616352788,8.4995693596,16.9512202438,31.1244903126,27.426118257,44.6133534766,41.7807452322,36.0567978793,30.5232228616,33.0335040959,35.7919374666,26.8252553884,30.2248510967,34.5845667728,28.9527506237,24.961659403,39.2222990052,40.8553715886,36.5316712301,48.2829348917,51.7735689773,50.3784901293,195.6214913914,-,-,-,157.8588811155,139.3476105814,85.9448501372,52.7897804113,-,157.3153498133,21.34721419,3.8699513625,6.8580649379,19.5930443663,27.1663421321,21.9112574566,12.4645035516,6.4353708471
"Hist EV/OCF, TTM",28.7118407532,24.1269357315,25.8646323138,24.532163446,27.2571012802,24.150721359,19.3988363542,20.2219746277,19.8904727253,24.9107268218,26.1887386452,23.8023741241,21.682815998,20.8287699596,25.3638962462,23.9024338652,19.1890479523,14.4259687074,17.3802821503,14.1193944679,13.1971726045,12.6320919033,10.1177634831,14.4842387019,12.6708678043,12.7245423908,13.8657986448,12.9474363273,12.1141912287,11.7073550703,9.6925084513,9.4390536865,8.3405982144,8.9371123968,8.3173561216,8.1542804694,9.1666495971,9.4482329965,9.4410160646,10.068724076,9.6524622338,8.1239564267,8.9981127118,7.6491625968,6.3252720849,6.8228444714,7.7328659815,11.7473007372,9.9658439594,10.0254371284,7.6669673903,9.3195746061,8.361033028,11.173349473,12.0011414381,13.0215693812,13.6897702133,13.8521754311,13.7188000255,13.8432291503,9.1119883396,6.7616818452,4.7231253574,9.5672997958,18.5625979812,15.4433321259,24.3836485017,21.6618269613,19.1148069106,14.7020079741,16.2965286873,25.1027237097,20.6961673028,32.5868510377,25.4940565638,14.2650830489,10.6642129794,14.2118457464,13.0517831384,9.7782845905,14.2109347376,15.2022113895,7.9744846185,11.5071465524,8.8448492858,4.3873093238,5.8803285897,14.1895623475,8.4003878719,15.3258299196,16.0568915418,7.6961594853,38.6137676814,10.135679947,2.8743622153,5.7519254318,14.9854493175,24.7839534897,13.7508920253,9.3256322193,4.7556046747
"Hist EV/FOCF, TTM",36.4058192346,30.7402467852,32.8096215607,32.0706127533,35.830300475,32.056646835,25.6370528257,25.5702203138,25.338684189,31.8502979492,33.6834108458,31.5515047157,28.1485708022,27.2061226694,34.1393651324,32.5265661838,26.6277702373,20.6661447406,25.511870854,21.8808518105,20.6615473261,19.8898149663,15.9224696528,22.2494502894,20.0816500592,20.7854923545,22.4557763075,21.3190385366,20.0841528734,19.0539715617,15.7675733312,15.4841317315,13.8720114525,13.9417466865,12.2208061002,11.3826847249,12.8229929401,13.5920323411,13.7544212178,15.5061051413,14.6908296501,12.4918392761,14.2520623734,12.0643025898,9.606320824,9.653452264,10.0136969297,14.4116545156,12.4699185795,11.9297239171,9.2165523839,11.6286303618,9.4227971315,12.7963318906,13.841389995,14.6980747022,15.4007511836,15.4894072724,15.3009049257,15.7202509432,10.1528725787,7.6616179181,5.384473132,10.9334058402,21.6977110048,17.968198494,28.6573465155,26.4251100532,23.4754330038,18.0025384572,20.9431057496,35.6545403938,30.3090547895,47.5053039389,29.6102089596,15.8953782545,11.8514918084,15.8043445907,14.9593514432,12.0487042315,20.6040287713,30.8314511887,15.1135470388,26.6045228292,20.5919147434,11.3264210095,-,-,263.2121533205,313.084811214,-,-,-,14.6404265901,3.8916926623,6.8769576787,17.1747592934,29.0413197333,15.3984643416,10.2072832014,5.0360334516
"Hist Price/Rev/Shr (dil.), TTM",8.3833181238,6.9489739856,7.7752762252,7.00072122,7.9698302135,6.7858023215,5.3494929252,6.1489437472,5.9443974511,7.4245107638,7.6971810265,6.6810130677,6.434637974,6.3059166702,7.6784245512,7.0581265741,5.6233131906,4.0719981952,4.822660532,3.801872814,3.5157744914,3.4542446814,2.8505005885,4.1201274865,3.5724930545,3.4370789216,3.6494142138,3.4850601321,3.3722815213,3.4287597948,2.829149272,2.818981432,2.320406674,2.5732543284,2.5717634084,2.7890439653,3.2617905127,3.3895771597,3.3556893092,3.2915952884,3.1246428607,2.6822704936,2.9017635763,2.5678676303,2.1634147016,2.4763640071,2.9309017527,4.0414952498,3.7166485426,3.9793390113,2.9828949919,3.5090055636,3.0507165671,3.7623517711,3.9585272267,4.1627267533,4.332304496,4.1682279426,4.1164521292,3.8865917638,3.0674267113,2.4094070562,1.9865212188,3.0948665176,4.7155822025,4.2059227469,6.4499770831,5.592713954,4.7655478163,3.8110125764,3.6221587578,3.5022855922,2.7643503619,3.1839700415,3.8818207772,3.3086387702,2.578715098,3.239249712,2.7476935415,1.8147541632,1.7309411916,1.4254117035,1.1476861747,1.2357754311,1.1480263517,0.9070072578,0.8645892056,0.9200888047,1.1308301511,1.494778407,1.3992180862,1.0310828307,1.4429700253,1.2696156945,0.7545356905,1.1669708988,2.54398529,3.4415064877,2.7107255015,1.8710535168,1.1595907314
"Hist Price/EBITDA/Shr (dil), TTM",24.7977372172,20.6658507733,23.2585274671,21.5169779992,24.9182425928,21.3749486952,16.7845872726,18.8131921356,17.9921728319,22.1818715508,22.9823644221,20.6082678029,20.4224876923,20.8609771607,26.890257038,25.4456408169,19.9293144314,14.4060064904,16.9502312084,13.3017142064,12.2320384217,11.8177253128,9.6342951511,13.7984206262,11.9837676112,11.3368502045,11.8847947016,11.3199923223,10.880844238,11.0533583507,9.022748707,8.7898126968,7.0371101174,7.6025875205,7.4652538863,8.0560930206,9.53956715,10.0214087193,10.1261371413,10.1953955538,9.6767066778,8.3933458274,9.1115664561,8.0664055244,6.6817447095,7.3063786349,8.142622258,10.777751588,9.8639235776,10.5846744108,8.3588556699,10.6355894899,9.4869988283,12.2281413664,13.2526426849,13.924967466,14.0191096071,13.3689762937,13.4773300821,13.2604122188,10.8370286183,8.9948925253,7.9093982144,13.10790848,23.0498624331,20.8588229869,31.654578321,28.8224978906,25.1716351502,21.8168392435,22.7769849784,25.2086898499,20.237363638,23.4884950122,28.4056438027,24.8858874499,20.71272406,29.6144767809,30.4897854039,28.8841213586,33.831637436,33.9152516015,33.6201069302,54.5664467791,63.1912371608,49.2619373499,37.7747037234,32.3228572102,28.1124991785,32.6234170583,36.6739908501,-,-,-,58.8701090831,15.144056814,31.4450470685,45.7723678691,40.2440122933,24.0122366511,14.7463729232
"Hist P/E, TTM",32.0680399092,26.6655885152,29.9566668482,27.9313568267,32.5974250773,28.0169630903,22.0750139317,24.6521689255,23.407292844,28.3999661905,29.2665919562,26.2023063451,26.0686664852,27.1987792974,35.6762455732,34.3701309236,26.8772174103,19.4213878288,22.8881026095,18.4617721006,17.1926740029,16.2807401287,13.0903344516,18.5849305144,16.0596543587,15.4580666084,16.5539787067,16.776755507,16.3828131754,16.8026536169,13.8679349206,13.6190296668,10.9084113896,11.7579380269,11.474535729,12.4726538885,14.6411954146,15.2387758534,15.3564904377,15.6683503987,14.8526362703,12.827091964,13.8905283686,12.1821660796,9.9040986037,10.5675525093,11.5561061954,15.105024248,13.7278418777,14.6172236548,11.5340466887,14.6099150832,12.9186613843,16.7583056742,18.0670511818,19.2957943998,20.0822063567,19.5956094504,20.4014505657,20.0950505137,16.2052044151,13.304283417,11.5004495366,18.9084114441,32.2758449737,28.8282152311,43.3504135182,39.03059138,34.1126013149,29.2791932189,30.6617786885,33.9333863861,26.659998664,31.6562713397,38.8955829799,34.2342,31.7534749235,47.4923537234,51.4648613823,52.598119376,60.6027303625,59.6856192831,56.1378301815,112.2990627052,-,-,258.8362654639,82.9201514196,36.287643922,41.4797005692,38.4390896161,-,157.2644531439,41.5724418565,14.181779733,11.8358035727,25.9652116019,32.8709784359,27.8256390421,17.9559779282,11.4839551982
"Hist P/E Normalized (dil), TTM",32.0680399092,26.6655885152,29.9566668482,27.9313568267,32.5974250773,28.0169630903,22.0750139317,24.6521689255,23.407292844,28.3999661905,29.2665919562,26.2023063451,26.0686664852,27.1987792974,35.6762455732,34.3701309236,26.8772174103,19.4213878288,22.8881026095,18.4617721006,17.1926740029,16.2807401287,13.0903344516,18.5849305144,16.0596543587,15.4580666084,16.5539787067,16.776755507,16.3828131754,16.8026536169,13.8679349206,13.6190296668,10.9084113896,11.7579380269,11.474535729,12.4726538885,14.6411954146,15.2387758534,15.3564904377,15.6683503987,14.8526362703,12.827091964,13.8905283686,12.1821660796,9.9040986037,10.5675525093,11.5561061954,15.105024248,13.7278418777,14.6172236548,11.5340466887,14.6099150832,12.9186613843,16.7583056742,18.0670511818,19.2957943998,20.0822063567,19.5956094504,20.4014505657,20.0950505137,16.2052044151,13.304283417,11.5004495366,18.9084114441,32.2758449737,28.8282152311,43.3504135182,39.03059138,34.1126013149,29.2791932189,30.6617786885,33.9333863861,26.659998664,31.6562713397,38.8955829799,34.2342,31.634296974,46.8618593702,49.7404078024,49.5824416456,57.0953617173,57.2783701068,55.2189073661,89.0274497108,1858.1330627778,302.5329201163,124.9110335821,60.8465,32.8585934579,35.8201821017,33.2947060515,-,122.4714325369,41.5724418565,14.181779733,11.7541147444,25.2161477999,31.9444255664,26.6309205686,17.3074187254,11.3421779735
"Hist Price/CF/Shr (dil.), TTM",28.571211816,23.7245996468,26.689782241,24.7274216487,28.7337035371,24.6980628987,19.4670726965,21.8624675625,20.7801091184,25.3201464045,26.0303979394,23.0647027047,22.84089557,23.5243628189,30.1792373371,28.2992042368,22.0132893126,15.8310456896,18.5760736629,14.5885647759,13.6502709894,13.1453934942,10.6708997762,15.212351041,13.1496055252,12.8380397877,13.8460072019,13.654445107,13.2530687505,13.4685262384,11.0678572487,10.8179516125,8.6823797904,9.3963510017,9.2452390321,10.0824644686,12.0158346456,12.6541192043,12.6759065277,12.6644319249,12.01849029,10.4428505219,11.3856135706,10.0213329839,8.3859484269,9.3540711904,10.5179973623,14.0530179638,12.8707507893,13.7827527044,10.8454332546,13.695065736,12.1416268277,15.7095791032,16.9521322872,18.0527827451,18.825310654,18.3352535801,18.974760293,18.5922867238,14.9919681523,12.2504704882,10.6084918792,17.5403840681,29.6333953338,26.4799076955,40.1199221419,35.964867494,31.442690235,26.8772749922,27.9414028863,30.5540407467,24.0486560472,28.6391816726,35.1098761918,30.5451601771,27.6827481946,39.501048411,40.2788769451,35.2684265652,38.8015087058,35.3886815663,30.8229183404,42.3782215501,63.0882999766,45.1100447276,35.5516645891,29.0282962464,22.4177328926,26.8180831851,25.1376766523,78.9956745899,51.5104670142,26.3950950998,10.3623940807,10.7079640058,23.3376187504,30.5524098825,25.6911477148,16.7303823208,10.7562620548
"Hist Price/FCF/Shr (dil.), TTM",36.2187558794,30.1378341136,34.1887718795,32.5126794231,38.5200768338,33.1710042651,25.9383977446,28.4062500287,26.9625083623,32.633676503,33.5115611476,30.3938237751,30.2623687035,32.1209573747,43.4501126486,41.157287348,32.3485207839,23.634787705,27.9679414013,22.9027867628,21.7934605533,21.4101215159,17.654896185,24.3667251504,21.7274102873,21.2975971234,22.9293691126,23.9994675054,23.9674550363,24.8175880911,20.2443534184,19.9344899656,15.1755409376,15.3788984981,14.5942558335,15.6685113783,19.3633315229,21.4242037865,21.8385956148,22.6445056923,20.6299154169,17.9172574791,20.3262469573,18.1698375712,14.2953974374,14.6594923703,14.6400187126,17.7636019588,17.0179047052,17.3607520963,13.8451250286,18.7264022507,14.2264671336,18.7092815159,20.389489023,21.0166307366,21.7755706438,20.8995995594,21.622947149,21.5000283169,17.3244977792,14.4980774704,12.9533025423,21.4234934657,36.8127297892,33.0879628703,51.0668969228,48.4688729063,42.4599141182,37.1075891221,40.5074824546,43.4467862642,33.9347837528,36.9810641196,41.7308621403,36.9036402781,34.1740761098,50.4858905253,56.3565799273,60.0973988671,79.7067136667,96.4842355911,122.8024206895,451.2034176807,-,-,-,660.3937396056,382.4201493442,169.8478601721,109.8482034531,-,309.0628020852,43.5002963934,14.0094936734,12.7966053366,27.2272218755,35.4618358607,30.071277817,18.661857353,11.5667810166
"Hist Price/OCF/Shr (dil.), TTM",28.5969924054,23.9853142491,25.7570507651,24.2735535745,27.061348728,23.8463511553,18.9864130391,19.8500273428,19.4859222914,24.6163861296,25.9443573871,23.4916872431,21.3938432188,20.6041019768,25.3988754665,24.0171755024,19.2478712184,14.4775735123,17.6317554557,14.2547082114,13.1978599733,12.4260703031,9.834040959,14.1318446649,12.2916218561,12.534516767,13.3700798666,12.4389922043,11.7645084282,11.3558995565,9.4075521137,9.2349650129,8.0913957767,8.6706861495,8.0570285415,8.0210839756,9.0292604762,9.4242575942,9.4745527304,10.0763177323,9.8745166447,8.7530306679,9.5423104928,8.1778827693,6.9287840606,7.5787360248,8.5086979438,12.4375951422,10.6058007424,10.6749585749,8.4161615242,10.1214085974,9.3357529038,12.4271576046,13.3691208408,14.6014440702,15.4367077377,15.7951461795,16.0199338484,16.414432486,11.4157811089,9.2818379572,7.1980201715,12.0914590048,21.9550552251,18.6314517857,27.9108645193,25.1293827353,22.5092938792,17.873475342,19.9836913443,30.4714622582,26.1812963852,39.8710459755,30.7619571137,18.1825036321,14.5999759121,18.2931063888,18.0038470103,16.086027534,23.4597774267,28.3305511708,19.4385741292,26.5413775106,22.8642160989,20.8611669294,32.1550087367,59.3612350207,23.0536969463,30.2875554852,33.4121618836,29.8902552502,75.8608696027,20.6539868818,10.4053915665,10.732636734,20.8243367311,32.3519628206,18.8718924572,13.9623385305,8.5476096375
"Hist Price/FOCF/Shr (dil.), TTM",36.260194709,30.559806162,32.6731529708,31.7325350677,35.5729777064,31.6526386904,25.0920037247,25.0999015543,24.8233231001,31.4739605258,33.3690927553,31.1396702265,27.7734271522,26.9126658444,34.1864465573,32.6827072478,26.7093966117,20.7400720025,25.880999182,22.0905477701,20.6626234736,19.5654243952,15.4759714432,21.7081326704,19.4805953772,20.4750862095,21.6529556203,20.481842695,19.5044127414,18.4819701724,15.3040122241,15.1493380105,13.4575400943,13.5261261723,11.8383031952,11.1967537036,12.6308027937,13.5575418238,13.8032800933,15.5177995757,15.0287914515,13.4591382004,15.1140143144,12.8982030417,10.5228868755,10.7229421312,11.0183627492,15.2585115682,13.2706745427,12.7026190473,10.1171675333,12.6291300081,10.5212962785,14.2322616463,15.4191346217,16.4813556201,17.3660252333,17.6620237967,17.8674143712,18.640087148,12.7198331106,10.5171904911,8.2059109773,13.8179874491,25.6631342149,21.6775512687,32.8027742043,30.655156905,27.6442981034,21.8859850826,25.681577293,43.2800039752,38.3418985259,58.1242463483,35.7286403543,20.2605040472,16.2254350377,20.3429281573,20.6351784965,19.8210418427,34.0136618732,57.4569043408,36.8407262069,61.3636648046,53.2307531053,53.8558697259,-,-,722.3491709834,618.7314906268,-,-,-,29.833536607,14.088198694,12.8318576929,23.8666831553,37.909355207,21.1330408622,15.2823465674,9.0516455867
"Hist Price/Comm Eqty, FI",48.0618844898,35.4490443333,40.1694566017,42.8398600679,50.3569856977,41.7128873094,36.2861413705,47.3312563695,39.2391837035,42.0152566204,40.0456711102,38.2536598371,34.2858517364,29.2368531769,33.5250969148,29.1732495086,20.9585975566,13.6592226888,14.1935320525,10.7447274945,9.2980602389,8.2670847893,6.2679157423,10.0179243436,7.7988705066,6.5368610316,6.1339082214,5.8938290161,5.6224429197,5.5776866611,4.5976515738,4.6896215164,3.9806988328,4.437534121,4.6697196521,5.3616417966,5.754111333,5.5051762205,5.3852612692,5.298356036,4.5550185925,3.8494804041,3.8542930784,3.5134720631,2.9201885764,3.0713209187,3.7574012643,5.3003106869,4.8982764183,5.4690618112,4.1924433391,4.9038219069,4.3622967821,5.2874994006,5.452141764,5.6026465788,5.6511214854,5.3378748281,5.2966069646,5.1863895366,4.9284763491,3.9200642829,3.3352144665,5.1091540941,7.6779379306,6.9824030167,10.4484783949,9.2125098736,7.9134887023,6.5523656112,6.4999093854,6.5943556332,5.2358577405,6.1346496345,7.2543386112,5.9804773191,4.5835710444,5.4781204022,4.472393243,2.8756733272,2.6976241043,2.2454339229,1.7697101337,1.7967239771,1.6373904449,1.2867816521,1.2306150602,1.2903226003,1.5639226219,2.0879888779,1.9933570269,1.3884667102,2.1121084613,2.0460543986,1.3848591501,2.1442994973,4.2257225226,5.4351637051,3.887398464,3.5347561549,2.3955075284
"Hist Price/Tang Comm Eqty, FI",48.0618844903,35.4490443335,40.1694566018,42.8398600684,50.356985698,41.7128873098,36.2861413702,47.3312563694,39.2391837039,42.0152566204,40.0456711099,38.2536598371,34.2858517365,29.2368531766,33.5250969152,29.1732495086,20.9585975564,13.6592226889,14.1935320526,10.7447274945,9.2980602389,8.2670847893,6.2679157423,10.0179243436,7.7988705067,6.5368610315,6.5069710333,5.8938290161,5.9889961683,5.9358322981,4.9040283265,5.0275373852,4.2770187902,4.7699698333,5.0274123149,5.7993833635,6.1885724922,5.9068213941,5.809142928,5.7497954134,4.7986824674,4.0511638366,4.0454214944,3.6851592193,3.0662241052,3.202158235,3.9380922397,5.5520086334,5.1499533955,5.7345339532,4.4061607783,5.2049141126,4.4858562686,5.3970612271,5.5810868615,5.7325529383,5.7897169219,5.4519065215,5.3849816067,5.2796681232,5.0408279295,4.014688802,3.4197031829,5.2405377146,7.8340438913,7.143450168,10.7202485618,9.4866917147,8.0792446166,6.7043774308,6.6082019719,6.7133727578,5.2782877061,6.2133723908,7.3357496754,6.0587814415,4.6580062712,5.5768016725,4.5477971330999996,2.9316966876,2.7542896652,2.2997258922,1.814550054,1.8443279907,1.6822724149,1.3232271451,1.2663028971,1.3289414107,1.6029516965,2.1309909375,1.9933570272,1.4159181854,2.1121084616,2.0460543981,1.3848591501,2.1442994976,4.2257225233,5.4351637063,3.8873984635,3.5347561558,2.3955075282
"Hist Price/Bk, Tot Eqty, FI",48.0618844903,35.4490443335,40.1694566018,42.8398600684,50.356985698,41.7128873098,36.2861413702,47.3312563694,39.2391837039,42.0152566204,40.0456711099,38.2536598371,34.2858517365,29.2368531766,33.5250969152,29.1732495086,20.9585975564,13.6592226889,14.1935320526,10.7447274945,9.2980602389,8.2670847893,6.2679157423,10.0179243436,7.7988705067,6.5368610315,6.1339082214,5.8938290161,5.6224429197,5.5776866611,4.5976515738,4.6896215164,3.9806988328,4.437534121,4.6697196521,5.3616417966,5.754111333,5.5051762205,5.3852612692,5.298356036,4.5550185925,3.8494804041,3.8542930784,3.5134720631,2.9201885764,3.0713209186,3.7574012643,5.3003106868,4.8982764183,5.4690618113,4.192443339,4.9038219068,4.3622967821,5.2874994005,5.4521417639,5.6026465787,5.6511214854,5.3378748282,5.2966069645,5.1863895366,4.928476349,3.9200642829,3.3352144666,5.1091540943,7.6779379306,6.982403017,10.4484783947,9.2125098733,7.9134887027,6.5523656107,6.4999093852,6.5943556326,5.2358577406,6.1346496354,7.254338611,5.9804773195,4.5835710442,5.4781204027,4.4723932429,2.8756733269,2.6976241047,2.2454339224,1.7697101335,1.7967239767,1.6373904448,1.2867816523,1.2306150604,1.2903226005,1.5639226217,2.0879888782,1.9933570272,1.3884667104,2.1121084616,2.0460543981,1.3837399213,2.1046192537,4.0739365132,5.2417415103,3.7552938488,3.3639399756,2.2745222995
"Hist Price/Tang Bk, Tot Eqty, FI",48.0618844903,35.4490443335,40.1694566018,42.8398600684,50.356985698,41.7128873098,36.2861413702,47.3312563694,39.2391837039,42.0152566204,40.0456711099,38.2536598371,34.2858517365,29.2368531766,33.5250969152,29.1732495086,20.9585975564,13.6592226889,14.1935320526,10.7447274945,9.2980602389,8.2670847893,6.2679157423,10.0179243436,7.7988705067,6.5368610315,6.5069710333,5.8938290161,5.9889961683,5.9358322981,4.9040283265,5.0275373852,4.2770187902,4.7699698333,5.0274123149,5.7993833635,6.1885724922,5.9068213941,5.809142928,5.7497954134,4.7986824674,4.0511638366,4.0454214944,3.6851592193,3.0662241052,3.202158235,3.9380922397,5.5520086334,5.1499533955,5.7345339532,4.4061607783,5.2049141126,4.4858562686,5.3970612271,5.5810868615,5.7325529383,5.7897169219,5.4519065215,5.3849816067,5.2796681232,5.0408279295,4.014688802,3.4197031829,5.2405377146,7.8340438913,7.143450168,10.7202485618,9.4866917147,8.0792446166,6.7043774308,6.6082019719,6.7133727578,5.2782877061,6.2133723908,7.3357496754,6.0587814415,4.6580062712,5.5768016725,4.5477971330999996,2.9316966876,2.7542896652,2.2997258922,1.814550054,1.8443279907,1.6822724149,1.3232271451,1.2663028971,1.3289414107,1.6029516965,2.1309909375,1.9933570272,1.4159181854,2.1121084616,2.0460543981,1.3837399213,2.1046192537,4.0739365132,5.2417415103,3.7552938488,3.3639399756,2.2745222995
"Hist Div Yield Comm Stk Primary, %, TTM",0.004605450574,0.005598320504,0.004934295954,0.005490333509,0.004794555859,0.005579138872,0.007003771261,0.005982849166,0.006282648595,0.005036630037,0.00490696619,0.005785461476,0.006273007287,0.00676511839,0.006118814882,0.007080513003,0.008851059016,0.012432388795,0.010489993099,0.013709898547,0.014955537591,0.015372466439,0.01805031044,0.012049260211,0.014153746421,0.015019668614,0.014536429711,0.015572281339,0.016247743369,0.01587080607,0.019254014851,0.019341673321,0.022805139186,0.019683921643,0.018791076553,0.017260918839,0.015226824458,0.015253549696,0.016191946662,0.01797955335,0.019321156773,0.022725053459,0.021068635041,0.023615725325,0.027742291884,0.017960981229,0.010401329739,0.00397269193,0,0,0,0,0,0,0,0,0,0,0,0,0,0,0,0,0,0,0,0,0,0,0,0,0,0,0,0,0,0,0,0,0,0,0,0,0,0,0,0,0,0,0,0,0,0,0,0,0,0,0,0,0
,,,,,,,,,,,,,,,,,,,,,,,,,,,,,,,,,,,,,,,,,,,,,,,,,,,,,,,,,,,,,,,,,,,,,,,,,,,,,,,,,,,,,,,,,,,,,,,,,,,,,
Risk,,,,,,,,,,,,,,,,,,,,,,,,,,,,,,,,,,,,,,,,,,,,,,,,,,,,,,,,,,,,,,,,,,,,,,,,,,,,,,,,,,,,,,,,,,,,,,,,,,,,,
Beta 5 Yr Mthly,1.223124463,-,-,-,-,-,-,-,-,-,-,-,-,-,-,-,-,-,-,-,-,-,-,-,-,-,-,-,-,-,-,-,-,-,-,-,-,-,-,-,-,-,-,-,-,-,-,-,-,-,-,-,-,-,-,-,-,-,-,-,-,-,-,-,-,-,-,-,-,-,-,-,-,-,-,-,-,-,-,-,-,-,-,-,-,-,-,-,-,-,-,-,-,-,-,-,-,-,-,-,-
Beta Up 5 Yr Mthly,1.3459752713,-,-,-,-,-,-,-,-,-,-,-,-,-,-,-,-,-,-,-,-,-,-,-,-,-,-,-,-,-,-,-,-,-,-,-,-,-,-,-,-,-,-,-,-,-,-,-,-,-,-,-,-,-,-,-,-,-,-,-,-,-,-,-,-,-,-,-,-,-,-,-,-,-,-,-,-,-,-,-,-,-,-,-,-,-,-,-,-,-,-,-,-,-,-,-,-,-,-,-,-
Beta Down 5 Yr Mthly,1.2218776089,-,-,-,-,-,-,-,-,-,-,-,-,-,-,-,-,-,-,-,-,-,-,-,-,-,-,-,-,-,-,-,-,-,-,-,-,-,-,-,-,-,-,-,-,-,-,-,-,-,-,-,-,-,-,-,-,-,-,-,-,-,-,-,-,-,-,-,-,-,-,-,-,-,-,-,-,-,-,-,-,-,-,-,-,-,-,-,-,-,-,-,-,-,-,-,-,-,-,-,-
Sharpe Ratio 5 Yr Mthly,0.2151202359,-,-,-,-,-,-,-,-,-,-,-,-,-,-,-,-,-,-,-,-,-,-,-,-,-,-,-,-,-,-,-,-,-,-,-,-,-,-,-,-,-,-,-,-,-,-,-,-,-,-,-,-,-,-,-,-,-,-,-,-,-,-,-,-,-,-,-,-,-,-,-,-,-,-,-,-,-,-,-,-,-,-,-,-,-,-,-,-,-,-,-,-,-,-,-,-,-,-,-,-
,,,,,,,,,,,,,,,,,,,,,,,,,,,,,,,,,,,,,,,,,,,,,,,,,,,,,,,,,,,,,,,,,,,,,,,,,,,,,,,,,,,,,,,,,,,,,,,,,,,,,
Beta 3 Yr Wkly,1.1825610554,-,-,-,-,-,-,-,-,-,-,-,-,-,-,-,-,-,-,-,-,-,-,-,-,-,-,-,-,-,-,-,-,-,-,-,-,-,-,-,-,-,-,-,-,-,-,-,-,-,-,-,-,-,-,-,-,-,-,-,-,-,-,-,-,-,-,-,-,-,-,-,-,-,-,-,-,-,-,-,-,-,-,-,-,-,-,-,-,-,-,-,-,-,-,-,-,-,-,-,-
Beta Up 3 Yr Wkly,1.0183034556,-,-,-,-,-,-,-,-,-,-,-,-,-,-,-,-,-,-,-,-,-,-,-,-,-,-,-,-,-,-,-,-,-,-,-,-,-,-,-,-,-,-,-,-,-,-,-,-,-,-,-,-,-,-,-,-,-,-,-,-,-,-,-,-,-,-,-,-,-,-,-,-,-,-,-,-,-,-,-,-,-,-,-,-,-,-,-,-,-,-,-,-,-,-,-,-,-,-,-,-
Beta Down 3 Yr Wkly,0.9834340084,-,-,-,-,-,-,-,-,-,-,-,-,-,-,-,-,-,-,-,-,-,-,-,-,-,-,-,-,-,-,-,-,-,-,-,-,-,-,-,-,-,-,-,-,-,-,-,-,-,-,-,-,-,-,-,-,-,-,-,-,-,-,-,-,-,-,-,-,-,-,-,-,-,-,-,-,-,-,-,-,-,-,-,-,-,-,-,-,-,-,-,-,-,-,-,-,-,-,-,-
Sharpe Ratio 3 Yr Wkly,0.0610795066,-,-,-,-,-,-,-,-,-,-,-,-,-,-,-,-,-,-,-,-,-,-,-,-,-,-,-,-,-,-,-,-,-,-,-,-,-,-,-,-,-,-,-,-,-,-,-,-,-,-,-,-,-,-,-,-,-,-,-,-,-,-,-,-,-,-,-,-,-,-,-,-,-,-,-,-,-,-,-,-,-,-,-,-,-,-,-,-,-,-,-,-,-,-,-,-,-,-,-,-
,,,,,,,,,,,,,,,,,,,,,,,,,,,,,,,,,,,,,,,,,,,,,,,,,,,,,,,,,,,,,,,,,,,,,,,,,,,,,,,,,,,,,,,,,,,,,,,,,,,,,
Volume Liquidity (daily shares move price 1%),268388970.169658,-,-,-,-,-,-,-,-,-,-,-,-,-,-,-,-,-,-,-,-,-,-,-,-,-,-,-,-,-,-,-,-,-,-,-,-,-,-,-,-,-,-,-,-,-,-,-,-,-,-,-,-,-,-,-,-,-,-,-,-,-,-,-,-,-,-,-,-,-,-,-,-,-,-,-,-,-,-,-,-,-,-,-,-,-,-,-,-,-,-,-,-,-,-,-,-,-,-,-,-
Dollar Liquidity (daily $ move price 1%),61163575244.2322,-,-,-,-,-,-,-,-,-,-,-,-,-,-,-,-,-,-,-,-,-,-,-,-,-,-,-,-,-,-,-,-,-,-,-,-,-,-,-,-,-,-,-,-,-,-,-,-,-,-,-,-,-,-,-,-,-,-,-,-,-,-,-,-,-,-,-,-,-,-,-,-,-,-,-,-,-,-,-,-,-,-,-,-,-,-,-,-,-,-,-,-,-,-,-,-,-,-,-,-
